
[Config] 内核目录：/home/WutzuBert/android_kernel_xiaomi_nabu-17
输出目录：/home/WutzuBert/android_kernel_xiaomi_nabu-17/out-diag
配置文件：nabu_defconfig
并行任务：8
ThinLTO 磁盘缓存：关闭
ccache：关闭

[Config] 生成内核配置
make: 进入目录“/home/WutzuBert/android_kernel_xiaomi_nabu-17”
  HOSTCC  scripts/basic/fixdep
  GEN     ./Makefile
  HOSTCC  scripts/kconfig/conf.o
  SHIPPED scripts/kconfig/zconf.tab.c
  SHIPPED scripts/kconfig/zconf.lex.c
  HOSTCC  scripts/kconfig/zconf.tab.o
  HOSTLD  scripts/kconfig/conf
#
# configuration written to .config
#
make: 离开目录“/home/WutzuBert/android_kernel_xiaomi_nabu-17”
Using /home/WutzuBert/android_kernel_xiaomi_nabu-17/out-diag/.config as base
Merging /home/WutzuBert/android_kernel_xiaomi_nabu-17/.test-diag.config
Value of CONFIG_PANIC_ON_OOPS is redefined by fragment /home/WutzuBert/android_kernel_xiaomi_nabu-17/.test-diag.config:
Previous value: CONFIG_PANIC_ON_OOPS=y
New value: # CONFIG_PANIC_ON_OOPS is not set

Value of CONFIG_PANIC_TIMEOUT is redefined by fragment /home/WutzuBert/android_kernel_xiaomi_nabu-17/.test-diag.config:
Previous value: CONFIG_PANIC_TIMEOUT=-1
New value: CONFIG_PANIC_TIMEOUT=0

Value of CONFIG_KSU_SUSFS_SUS_MAP is redefined by fragment /home/WutzuBert/android_kernel_xiaomi_nabu-17/.test-diag.config:
Previous value: CONFIG_KSU_SUSFS_SUS_MAP=y
New value: # CONFIG_KSU_SUSFS_SUS_MAP is not set

Value of CONFIG_NF_CONNTRACK_PROCFS is redefined by fragment /home/WutzuBert/android_kernel_xiaomi_nabu-17/.test-diag.config:
Previous value: # CONFIG_NF_CONNTRACK_PROCFS is not set
New value: CONFIG_NF_CONNTRACK_PROCFS=y

#
# merged configuration written to /home/WutzuBert/android_kernel_xiaomi_nabu-17/out-diag/.config (needs make)
#
make: 进入目录“/home/WutzuBert/android_kernel_xiaomi_nabu-17”
  GEN     ./Makefile
scripts/kconfig/conf  --olddefconfig Kconfig
#
# configuration written to .config
#
make: 离开目录“/home/WutzuBert/android_kernel_xiaomi_nabu-17”

[Check] 核对必要选项

[Build] 编译内核对象
make: 进入目录“/home/WutzuBert/android_kernel_xiaomi_nabu-17”
  GEN     ./Makefile
scripts/kconfig/conf  --silentoldconfig Kconfig
  CHK     include/config/kernel.release
  UPD     include/config/kernel.release
  Using .. as source for kernel
  GEN     ./Makefile
  WRAP    arch/arm64/include/generated/uapi/asm/errno.h
  WRAP    arch/arm64/include/generated/uapi/asm/ioctl.h
  WRAP    arch/arm64/include/generated/uapi/asm/ioctls.h
  WRAP    arch/arm64/include/generated/uapi/asm/ipcbuf.h
  WRAP    arch/arm64/include/generated/uapi/asm/kvm_para.h
  WRAP    arch/arm64/include/generated/uapi/asm/mman.h
  WRAP    arch/arm64/include/generated/uapi/asm/msgbuf.h
  WRAP    arch/arm64/include/generated/uapi/asm/poll.h
  WRAP    arch/arm64/include/generated/uapi/asm/resource.h
  WRAP    arch/arm64/include/generated/uapi/asm/sembuf.h
  WRAP    arch/arm64/include/generated/uapi/asm/shmbuf.h
  WRAP    arch/arm64/include/generated/uapi/asm/socket.h
  WRAP    arch/arm64/include/generated/uapi/asm/sockios.h
  WRAP    arch/arm64/include/generated/uapi/asm/swab.h
  WRAP    arch/arm64/include/generated/uapi/asm/termbits.h
  WRAP    arch/arm64/include/generated/uapi/asm/termios.h
  WRAP    arch/arm64/include/generated/uapi/asm/types.h
  WRAP    arch/arm64/include/generated/asm/bugs.h
  WRAP    arch/arm64/include/generated/asm/clkdev.h
  WRAP    arch/arm64/include/generated/asm/delay.h
  WRAP    arch/arm64/include/generated/asm/div64.h
  WRAP    arch/arm64/include/generated/asm/dma.h
  WRAP    arch/arm64/include/generated/asm/dma-contiguous.h
  WRAP    arch/arm64/include/generated/asm/early_ioremap.h
  WRAP    arch/arm64/include/generated/asm/emergency-restart.h
  WRAP    arch/arm64/include/generated/asm/hw_irq.h
  WRAP    arch/arm64/include/generated/asm/irq_regs.h
  WRAP    arch/arm64/include/generated/asm/kdebug.h
  WRAP    arch/arm64/include/generated/asm/kmap_types.h
  WRAP    arch/arm64/include/generated/asm/local.h
  WRAP    arch/arm64/include/generated/asm/local64.h
  WRAP    arch/arm64/include/generated/asm/mcs_spinlock.h
  WRAP    arch/arm64/include/generated/asm/mm-arch-hooks.h
  WRAP    arch/arm64/include/generated/asm/msi.h
  WRAP    arch/arm64/include/generated/asm/preempt.h
  WRAP    arch/arm64/include/generated/asm/qrwlock.h
  WRAP    arch/arm64/include/generated/asm/qspinlock.h
  WRAP    arch/arm64/include/generated/asm/rwsem.h
  WRAP    arch/arm64/include/generated/asm/segment.h
  WRAP    arch/arm64/include/generated/asm/serial.h
  WRAP    arch/arm64/include/generated/asm/set_memory.h
  WRAP    arch/arm64/include/generated/asm/sizes.h
  WRAP    arch/arm64/include/generated/asm/switch_to.h
  WRAP    arch/arm64/include/generated/asm/trace_clock.h
  WRAP    arch/arm64/include/generated/asm/unaligned.h
  WRAP    arch/arm64/include/generated/asm/user.h
  WRAP    arch/arm64/include/generated/asm/vga.h
  WRAP    arch/arm64/include/generated/asm/xor.h
  CHK     include/generated/uapi/linux/version.h
  UPD     include/generated/uapi/linux/version.h
  CHK     include/generated/utsrelease.h
  UPD     include/generated/utsrelease.h
  HOSTCC  scripts/basic/fixdep
  HOSTCC  scripts/basic/bin2c
  CC      kernel/bounds.s
  CHK     include/generated/bounds.h
  UPD     include/generated/bounds.h
  CHK     include/generated/timeconst.h
  UPD     include/generated/timeconst.h
  CC      arch/arm64/kernel/asm-offsets.s
  CHK     include/generated/asm-offsets.h
  UPD     include/generated/asm-offsets.h
  CALL    ../scripts/checksyscalls.sh
  LDS     arch/arm64/kernel/vdso/vdso.lds
  VDSOC   arch/arm64/kernel/vdso/vgettimeofday.o
  VDSOA   arch/arm64/kernel/vdso/note.o
  VDSOA   arch/arm64/kernel/vdso/sigreturn.o
  LD      arch/arm64/kernel/vdso/vdso.so.dbg
  VDSOSYM include/generated/vdso-offsets.h
  LDS     arch/arm64/kernel/vdso32/vdso.lds
  VDSOC32   arch/arm64/kernel/vdso32/vgettimeofday.o
  VDSOA32   arch/arm64/kernel/vdso32/sigreturn.o
  VDSOL32   arch/arm64/kernel/vdso32/vdso.so.raw
  HOSTCC  arch/arm64/kernel/vdso32/../../../arm/vdso/vdsomunge
  MUNGE   arch/arm64/kernel/vdso32/vdso.so.dbg
  VDSOSYM include/generated/vdso32-offsets.h
  LDS     scripts/module-lto.lds
  HOSTCC  scripts/dtc/dtc.o
  HOSTCC  scripts/dtc/flattree.o
  HOSTCC  scripts/dtc/fstree.o
  HOSTCC  scripts/dtc/data.o
  HOSTCC  scripts/dtc/livetree.o
  HOSTCC  scripts/dtc/treesource.o
  HOSTCC  scripts/dtc/srcpos.o
  HOSTCC  scripts/dtc/checks.o
  HOSTCC  scripts/dtc/util.o
  SHIPPED scripts/dtc/dtc-lexer.lex.c
  SHIPPED scripts/dtc/dtc-parser.tab.h
  HOSTCC  scripts/dtc/dtc-lexer.lex.o
  SHIPPED scripts/dtc/dtc-parser.tab.c
  HOSTCC  scripts/dtc/dtc-parser.tab.o
  HOSTLD  scripts/dtc/dtc
  CC      scripts/mod/empty.o
  HOSTCC  scripts/mod/mk_elfconfig
  MKELF   scripts/mod/elfconfig.h
  HOSTCC  scripts/mod/modpost.o
  CC      scripts/mod/devicetable-offsets.s
  CHK     scripts/mod/devicetable-offsets.h
  UPD     scripts/mod/devicetable-offsets.h
  HOSTCC  scripts/mod/file2alias.o
  HOSTCC  scripts/mod/sumversion.o
  HOSTLD  scripts/mod/modpost
  HOSTCC  scripts/selinux/genheaders/genheaders
  HOSTCC  scripts/selinux/mdp/mdp
  HOSTCC  scripts/kallsyms
  HOSTCC  scripts/sortextable
  HOSTCC  scripts/asn1_compiler
  HOSTCC  scripts/extract-cert
  CHK     include/generated/compile.h
  UPD     include/generated/compile.h
  CC      init/version.o
make: 离开目录“/home/WutzuBert/android_kernel_xiaomi_nabu-17”
make: 进入目录“/home/WutzuBert/android_kernel_xiaomi_nabu-17”
  CHK     include/config/kernel.release
  GEN     ./Makefile
  CHK     include/generated/uapi/linux/version.h
  CHK     include/generated/utsrelease.h
  Using .. as source for kernel
  CHK     scripts/mod/devicetable-offsets.h
  CHK     include/generated/timeconst.h
  CHK     include/generated/bounds.h
  CHK     include/generated/asm-offsets.h
  CALL    ../scripts/checksyscalls.sh
  GEN     security/selinux/flask.h security/selinux/av_permissions.h
  CC      security/selinux/avc.o
  CC      security/selinux/hooks.o
  CC      security/selinux/selinuxfs.o
  CC      security/selinux/netlink.o
  CC      security/selinux/nlmsgtab.o
  CC      security/selinux/netif.o
  CC      security/selinux/netnode.o
  CC      security/selinux/netport.o
  CC      security/selinux/exports.o
  CC      security/selinux/ss/ebitmap.o
  CC      security/selinux/ss/hashtab.o
  CC      security/selinux/ss/symtab.o
  CC      security/selinux/ss/sidtab.o
  CC      security/selinux/ss/avtab.o
  CC      security/selinux/ss/policydb.o
  CC      security/selinux/ss/services.o
  CC      security/selinux/ss/conditional.o
  CC      security/selinux/ss/mls.o
  CC      security/selinux/ss/status.o
  CC      security/selinux/netlabel.o
  AR      security/selinux/selinux.o
  AR      security/selinux/built-in.o
make: 离开目录“/home/WutzuBert/android_kernel_xiaomi_nabu-17”
make: 进入目录“/home/WutzuBert/android_kernel_xiaomi_nabu-17”
  CHK     include/config/kernel.release
  GEN     ./Makefile
  CHK     include/generated/uapi/linux/version.h
  CHK     include/generated/utsrelease.h
  Using .. as source for kernel
  CHK     scripts/mod/devicetable-offsets.h
  CHK     include/generated/timeconst.h
  CHK     include/generated/bounds.h
  CHK     include/generated/asm-offsets.h
  CALL    ../scripts/checksyscalls.sh
  CC      kernel/bpf/syscall.o
  CC      kernel/bpf/verifier.o
  CC      kernel/bpf/btf.o
  CC      kernel/bpf/arraymap.o
  CC      kernel/bpf/hashtab.o
  CC      kernel/bpf/ringbuf.o
  CC      kernel/bpf/xskmap_compat.o
  CC      net/core/bpf_sk_storage.o
  CC      net/core/filter.o
  CC      kernel/bpf/cgroup.o
  CC      net/ipv4/udp.o
  CC      net/ipv6/udp.o
  CC      drivers/devfreq/bimc-bwmon.o
  CC      drivers/extcon/extcon.o
-- SukiSU-Ultra version: 40900 [40900-2]
-- KERNEL_VERSION: 4.14
-- KERNEL_TYPE: Non-GKI
-- SukiSU-Ultra: using SUSFS_INLINE_HOOK
-- KPM is disabled
-- SukiSU-Ultra/compat: modern static_key_interface found

-- SUSFS_VERSION: v1.5.5
  CC      drivers/kernelsu/ksu.o
  CC      arch/arm64/kernel/setup.o
  CC      arch/arm64/kernel/cpu_errata.o
  CC      arch/arm64/net/bpf_jit_comp.o
  CC      fs/pstore/ram.o
  CC      fs/pstore/platform.o
  CC      kernel/printk/printk.o
  CC      kernel/sys.o
  CC      mm/oom_kill.o
  CC      kernel/sched/core.o
  CC      kernel/fork.o
  CC      kernel/sched/fair.o
  CC      kernel/irq/handle.o
  CC      kernel/futex.o
  CC      kernel/irq/manage.o
  CC      kernel/kthread.o
  CC      kernel/ptrace.o
  CC      kernel/smp.o
  CC      kernel/cgroup/cgroup.o
  CC      kernel/cgroup/pids.o
  CC      kernel/workqueue.o
  CC      security/device_cgroup.o
  CC      kernel/pid_namespace.o
  CC      ipc/namespace.o
  CC      kernel/user_namespace.o
  CC      drivers/net/veth.o
  CC      fs/overlayfs/super.o
  CC      fs/overlayfs/namei.o
  CC      drivers/block/zram/zram_drv.o
  CC      fs/overlayfs/util.o
  CC      fs/overlayfs/inode.o
  CC      fs/overlayfs/dir.o
  CC      mm/zsmalloc.o
  CC      fs/overlayfs/readdir.o
  CC      fs/overlayfs/copy_up.o
  CC      mm/maccess.o
  CC      mm/memcontrol.o
  CC      drivers/android/binder.o
  CC      drivers/staging/android/ion/ion.o
  AR      fs/overlayfs/overlay.o
  AR      fs/overlayfs/built-in.o
  CC      drivers/scsi/ufs/ufshcd.o
  CC      drivers/scsi/ufs/ufs-qcom.o
  CC      drivers/usb/dwc3/core.o
  CC      drivers/usb/dwc3/gadget.o
  CC      drivers/usb/gadget/configfs.o
  CC      drivers/usb/gadget/function/f_accessory.o
../drivers/scsi/ufs/ufshcd.c:2986:1: warning: unused label 'out' [-Wunused-label]
 2986 | out:
      | ^~~~
  CC      drivers/usb/gadget/function/f_fs.o
  CC      drivers/usb/gadget/function/rndis.o
  CC      drivers/usb/host/xhci.o
1 warning generated.
  CC      fs/f2fs/dir.o
  CC      fs/f2fs/file.o
  CC      fs/f2fs/inode.o
  CC      fs/f2fs/namei.o
  CC      fs/pstore/inode.o
  CC      fs/f2fs/hash.o
  CC      fs/f2fs/super.o
  CC      fs/pstore/pmsg.o
  CC      net/core/dev.o
  CC      fs/pstore/ram_core.o
  CC      fs/f2fs/inline.o
  CC      fs/f2fs/checkpoint.o
  CC      fs/f2fs/gc.o
  CC      net/core/skbuff.o
  AR      fs/pstore/pstore.o
  AR      fs/pstore/ramoops.o
  AR      fs/pstore/built-in.o
  CC      fs/f2fs/data.o
  CC      net/ipv4/inet_connection_sock.o
  CC      fs/f2fs/node.o
  CC      fs/f2fs/segment.o
  CC      net/ipv6/ip6_output.o
  CC      fs/f2fs/recovery.o
  CC      fs/f2fs/shrinker.o
  CC      net/netfilter/nf_conntrack_irc.o
  CC      fs/f2fs/extent_cache.o
  CC      sound/core/control.o
  CC      fs/f2fs/sysfs.o
  CC      fs/f2fs/debug.o
  CC      fs/f2fs/xattr.o
  CC      fs/f2fs/acl.o
  CC      fs/f2fs/verity.o
  CC      drivers/clk/qcom/clk-cpu-osm.o
  CC      drivers/clocksource/arm_arch_timer.o
  AR      fs/f2fs/f2fs.o
  AR      fs/f2fs/built-in.o
  CC      drivers/mailbox/mailbox.o
  CC      net/wireguard/main.o
  CC      net/wireguard/noise.o
  CC      net/wireguard/device.o
  CC      net/wireguard/peer.o
  CC      net/wireguard/timers.o
  CC      drivers/md/dm-verity-target.o
  CC      net/wireguard/queueing.o
  CC      net/wireguard/send.o
  CC      drivers/soc/qcom/early_random.o
  CC      net/wireguard/receive.o
  CC      net/wireguard/socket.o
  CC      net/wireguard/peerlookup.o
  CC      net/wireguard/allowedips.o
  CC      net/wireguard/ratelimiter.o
  CC      kernel/events/core.o
  CC      kernel/trace/trace.o
  CC      net/wireguard/cookie.o
  CC      net/wireguard/netlink.o
  CC      net/wireguard/crypto/zinc/chacha20/chacha20.o
  PERLASM net/wireguard/crypto/zinc/chacha20/chacha20-arm64.S
  CC      net/wireguard/crypto/zinc/poly1305/poly1305.o
  CC      kernel/trace/trace_events.o
  PERLASM net/wireguard/crypto/zinc/poly1305/poly1305-arm64.S
  CC      net/wireguard/crypto/zinc/chacha20poly1305.o
  CC      net/wireguard/crypto/zinc/blake2s/blake2s.o
  CC      net/wireguard/crypto/zinc/curve25519/curve25519.o
  AS      net/wireguard/crypto/zinc/chacha20/chacha20-arm64.o
  AS      net/wireguard/crypto/zinc/poly1305/poly1305-arm64.o
  CC      kernel/trace/trace_output.o
  AR      net/wireguard/wireguard.o
  AR      net/wireguard/built-in.o
make: 离开目录“/home/WutzuBert/android_kernel_xiaomi_nabu-17”

[Build] 编译Image.gz+设备树
make: 进入目录“/home/WutzuBert/android_kernel_xiaomi_nabu-17”
  CHK     include/config/kernel.release
  GEN     ./Makefile
  CHK     include/generated/uapi/linux/version.h
  CHK     include/generated/utsrelease.h
  Using .. as source for kernel
  CHK     scripts/mod/devicetable-offsets.h
  CHK     include/generated/timeconst.h
  CHK     include/generated/bounds.h
  CHK     include/generated/asm-offsets.h
  CALL    ../scripts/checksyscalls.sh
  CC      init/main.o
  CHK     include/generated/compile.h
  CC      init/do_mounts.o
  CC      init/do_mounts_rd.o
  CC      init/do_mounts_initrd.o
  CC      init/do_mounts_dm.o
  CC      init/noinitramfs.o
  HOSTCC  usr/gen_init_cpio
  CC      init/initramfs.o
  GEN     usr/initramfs_data.cpio
  CC      init/calibrate.o
  CC      init/init_task.o
  AS      usr/initramfs_data.o
  AR      usr/built-in.o
  AR      init/mounts.o
  AS      arch/arm64/kernel/entry.o
  CC      arch/arm64/kernel/debug-monitors.o
  CC      arch/arm64/kernel/irq.o
  CC      arch/arm64/kernel/fpsimd.o
  AS      arch/arm64/kernel/entry-fpsimd.o
  CC      arch/arm64/mm/dma-mapping.o
  CC      arch/arm64/kernel/process.o
  CC      arch/arm64/kernel/ptrace.o
  AR      init/built-in.o
  CC      arch/arm64/mm/extable.o
  AR      arch/arm64/net/built-in.o
  CC      arch/arm64/kernel/signal.o
  CC      arch/arm64/kernel/sys.o
  CC      arch/arm64/kernel/stacktrace.o
  CC      arch/arm64/crypto/sha256-glue.o
  SHIPPED arch/arm64/crypto/sha256-core.S
  AS      arch/arm64/crypto/aes-cipher-core.o
  CC      arch/arm64/mm/fault.o
  CC      arch/arm64/kernel/time.o
  CC      arch/arm64/crypto/aes-cipher-glue.o
  CC      arch/arm64/kernel/traps.o
  AS      arch/arm64/crypto/sha256-core.o
  CC      arch/arm64/kernel/io.o
  CC      arch/arm64/kernel/vdso.o
  CC      arch/arm64/mm/init.o
  AS      arch/arm64/mm/cache.o
  AR      arch/arm64/crypto/sha256-arm64.o
  AS      arch/arm64/kernel/hyp-stub.o
  AR      arch/arm64/crypto/aes-arm64.o
  AR      arch/arm64/crypto/built-in.o
  CC      arch/arm64/kernel/psci.o
  CC      arch/arm64/mm/copypage.o
  CC      arch/arm64/kernel/cpu_ops.o
  CC      arch/arm64/kernel/insn.o
  CC      certs/system_keyring.o
  CC      kernel/exec_domain.o
  CC      kernel/panic.o
  CC      kernel/cpu.o
  CC      kernel/exit.o
  EXTRACT_CERTS   
  CC      arch/arm64/mm/flush.o
  AS      certs/system_certificates.o
  CC      mm/filemap.o
  AR      certs/built-in.o
  CC      kernel/softirq.o
  CC      arch/arm64/kernel/module.o
  CC      arch/arm64/mm/ioremap.o
  CC      arch/arm64/kernel/return_address.o
  CC      kernel/resource.o
  CC      kernel/sysctl.o
  CC      arch/arm64/mm/mmap.o
  CC      kernel/sysctl_binary.o
  CC      fs/open.o
  CC      mm/mempool.o
  CC      arch/arm64/kernel/cpuinfo.o
  CC      kernel/capability.o
  CC      arch/arm64/mm/pgd.o
  CC      arch/arm64/mm/mmu.o
  CC      arch/arm64/kernel/cpufeature.o
  CC      mm/page_alloc.o
  CC      fs/read_write.o
  CC      fs/file_table.o
  CC      fs/super.o
  CC      arch/arm64/mm/context.o
  CC      mm/page-writeback.o
  CC      kernel/user.o
  CC      mm/readahead.o
  CC      arch/arm64/kernel/alternative.o
  CC      fs/char_dev.o
  CC      kernel/signal.o
  CC      ipc/compat.o
  AS      arch/arm64/mm/proc.o
  CC      arch/arm64/mm/pageattr.o
  CC      ipc/util.o
  CC      fs/stat.o
  CC      fs/exec.o
  CC      arch/arm64/kernel/cacheinfo.o
  AR      arch/arm64/mm/built-in.o
  CC      fs/pipe.o
  CC      fs/namei.o
  CC      ipc/msgutil.o
  CC      arch/arm64/kernel/smp.o
  CC      mm/swap.o
  CC      arch/arm64/kernel/smp_spin_table.o
  CC      ipc/msg.o
  CC      arch/arm64/kernel/topology.o
  CC      kernel/umh.o
  CC      security/keys/gc.o
  CC      security/keys/key.o
  AS      arch/arm64/kernel/smccc-call.o
  CC      ipc/sem.o
  CC      arch/arm64/kernel/sys32.o
  CC      kernel/pid.o
  CC      mm/truncate.o
  CC      fs/fcntl.o
  CC      mm/vmscan.o
  CC      security/keys/keyring.o
  CC      crypto/api.o
  CC      ipc/shm.o
  CC      kernel/task_work.o
  CC      crypto/cipher.o
  CC      arch/arm64/kernel/signal32.o
  CC      security/keys/keyctl.o
  CC      kernel/extable.o
  CC      fs/ioctl.o
  CC      security/keys/permission.o
  CC      ipc/syscall.o
  CC      crypto/compress.o
  CC      security/keys/process_keys.o
  CC      crypto/memneq.o
  CC      ipc/ipc_sysctl.o
  CC      arch/arm64/kernel/sys_compat.o
  CC      security/keys/request_key.o
  CC      kernel/params.o
  CC      fs/readdir.o
  CC      mm/shmem.o
  CC      ipc/mqueue.o
  CC      crypto/crypto_wq.o
  AS      arch/arm64/kernel/entry32.o
  AS      arch/arm64/kernel/kuser32.o
  CC      arch/arm64/kernel/perf_regs.o
  CC      security/keys/request_key_auth.o
  CC      fs/select.o
  CC      security/keys/user_defined.o
  CC      kernel/sys_ni.o
  CC      crypto/algapi.o
  CC      kernel/nsproxy.o
  CC      arch/arm64/kernel/perf_callchain.o
  CC      security/commoncap.o
  CC      security/keys/compat.o
  CC      ipc/mq_sysctl.o
  CC      mm/util.o
  CC      kernel/notifier.o
  CC      security/keys/proc.o
  CC      arch/arm64/kernel/perf_event.o
  CC      crypto/scatterwalk.o
  AR      ipc/built-in.o
  CC      security/min_addr.o
  CC      arch/arm64/kernel/perf_trace_counters.o
  CC      fs/dcache.o
  CC      security/keys/sysctl.o
  CC      kernel/ksysfs.o
  CC      mm/mmzone.o
  CC      crypto/proc.o
  CC      crypto/aead.o
  CC      security/security.o
  CC      mm/vmstat.o
  AR      security/keys/built-in.o
  CC      crypto/ablkcipher.o
  CC      arch/arm64/kernel/perf_trace_user.o
  CC      kernel/cred.o
  CC      crypto/blkcipher.o
  CC      fs/inode.o
  CC      mm/backing-dev.o
  CC      arch/arm64/kernel/hw_breakpoint.o
  CC      crypto/skcipher.o
  CC      kernel/reboot.o
  CC      crypto/seqiv.o
  AS      arch/arm64/kernel/sleep.o
  CC      fs/attr.o
  AR      security/built-in.o
  CC      arch/arm64/kernel/suspend.o
  CC      kernel/async.o
  CC      mm/mm_init.o
  CC      block/bio.o
  CC      block/elevator.o
  CC      fs/bad_inode.o
  CC      crypto/echainiv.o
  CC      arch/arm64/kernel/cpuidle.o
  CC      kernel/range.o
  CC      mm/mmu_context.o
  CC      kernel/smpboot.o
  CC      fs/file.o
  CC      arch/arm64/kernel/pci.o
  CC      crypto/ahash.o
  CC      drivers/amba/bus.o
  CC      kernel/ucount.o
  CC      block/blk-core.o
  CC      mm/percpu.o
  CC      mm/slab_common.o
  CC      kernel/groups.o
  AR      drivers/amba/built-in.o
  CC      arch/arm64/kernel/armv8_deprecated.o
  CC      drivers/android/binderfs.o
  CC      fs/filesystems.o
  CC      crypto/shash.o
  CC      drivers/android/binder_alloc.o
  CC      crypto/akcipher.o
  CC      fs/namespace.o
  CC      arch/arm64/kernel/kaslr.o
  CC      kernel/bpf/core.o
  CC      block/blk-tag.o
  CC      arch/arm64/kernel/probes/uprobes.o
  CC      mm/compaction.o
  CC      crypto/kpp.o
  CC      kernel/cgroup/namespace.o
  CC      block/blk-sysfs.o
  CC      arch/arm64/kernel/probes/decode-insn.o
  AR      drivers/android/built-in.o
  AR      drivers/auxdisplay/built-in.o
  ASN.1   crypto/rsapubkey-asn1.c
  ASN.1   crypto/rsaprivkey-asn1.c
  CC      crypto/rsa.o
  CC      fs/seq_file.o
  CC      arch/arm64/kernel/probes/simulate-insn.o
  CC      drivers/base/component.o
  CC      kernel/cgroup/cgroup-v1.o
  CC      block/blk-flush.o
  CC      kernel/bpf/inode.o
  AR      arch/arm64/kernel/probes/built-in.o
  CC      fs/xattr.o
  CC      crypto/rsa_helper.o
  CC      drivers/base/core.o
  OBJCOPY arch/arm64/kernel/vdso/vdso.so
  AS      arch/arm64/kernel/vdso/vdso.o
  CC      kernel/cgroup/freezer.o
  CC      mm/vmacache.o
  CC      crypto/rsa-pkcs1pad.o
  AR      arch/arm64/kernel/vdso/built-in.o
  CC      block/blk-settings.o
  CC      fs/libfs.o
  CC      kernel/bpf/helpers.o
  CC      mm/swap_slots.o
  CC      kernel/cgroup/legacy_freezer.o
  CC      crypto/acompress.o
  CC      block/blk-ioc.o
  CC      drivers/base/bus.o
  CC      mm/interval_tree.o
  CC      fs/fs-writeback.o
  CC      kernel/cgroup/cpuset.o
  OBJCOPY arch/arm64/kernel/vdso32/vdso.so
  AS      arch/arm64/kernel/vdso32/vdso.o
  CC      kernel/bpf/tnum.o
  AR      arch/arm64/kernel/vdso32/built-in.o
  AS      arch/arm64/kernel/head.o
  CC      drivers/base/dd.o
  CC      kernel/bpf/percpu_freelist.o
  LDS     arch/arm64/kernel/vmlinux.lds
  CC      block/blk-map.o
  CC      crypto/scompress.o
  AR      arch/arm64/kernel/built-in.o
  CC      crypto/algboss.o
  CC      kernel/bpf/bpf_lru_list.o
  CC      drivers/base/syscore.o
  CC      kernel/bpf/lpm_trie.o
  CC      mm/list_lru.o
  CC      block/blk-exec.o
  CC      kernel/bpf/map_in_map.o
  AR      kernel/cgroup/built-in.o
  CC      crypto/testmgr.o
  CC      block/blk-merge.o
  CC      block/blk-softirq.o
  CC      mm/workingset.o
  CC      fs/pnode.o
  CC      drivers/base/driver.o
  CC      kernel/bpf/devmap.o
  CC      sound/sound_core.o
  CC      crypto/cmac.o
  CC      drivers/base/class.o
  CC      crypto/hmac.o
  CC      fs/splice.o
  CC      mm/debug.o
  CC      block/blk-timeout.o
  AR      sound/arm/built-in.o
  AR      sound/atmel/built-in.o
  CC      drivers/base/platform.o
  CC      kernel/events/ring_buffer.o
  CC      sound/core/sound.o
  CC      crypto/xcbc.o
  CC      mm/gup.o
  CC      block/blk-lib.o
  CC      kernel/bpf/offload.o
  CC      fs/sync.o
  CC      kernel/events/callchain.o
  CC      sound/core/init.o
  CC      crypto/crypto_null.o
  CC      drivers/base/cpu.o
  CC      kernel/bpf/stackmap.o
  CC      block/blk-mq.o
  CC      kernel/events/hw_breakpoint.o
  CC      crypto/md5.o
  CC      drivers/base/firmware.o
  CC      fs/utimes.o
  CC      mm/highmem.o
  CC      sound/core/memory.o
  CC      kernel/events/uprobes.o
  CC      fs/stack.o
  CC      kernel/bpf/sysfs_btf.o
  CC      drivers/base/init.o
  CC      crypto/sha1_generic.o
  CC      block/blk-mq-tag.o
  CC      sound/core/misc.o
  AR      kernel/bpf/built-in.o
  CC      drivers/base/map.o
  CC      mm/memory.o
  CC      fs/fs_struct.o
  CC      kernel/irq/irqdesc.o
  CC      crypto/sha256_generic.o
  CC      drivers/base/devres.o
  AR      kernel/events/built-in.o
  CC      block/blk-stat.o
  CC      drivers/base/attribute_container.o
  CC      sound/core/device.o
  CC      fs/statfs.o
  CC      kernel/irq/spurious.o
  CC      crypto/sha512_generic.o
  CC      block/blk-mq-sysfs.o
  CC      drivers/base/transport_class.o
  AR      sound/drivers/mpu401/built-in.o
  CC      fs/fs_pin.o
  CC      sound/core/info.o
  CC      mm/mincore.o
  AR      sound/drivers/opl3/built-in.o
  CC      kernel/irq/resend.o
  AR      sound/drivers/opl4/built-in.o
  AR      sound/drivers/pcsp/built-in.o
  CC      fs/nsfs.o
  CC      drivers/base/topology.o
  CC      crypto/gf128mul.o
  AR      sound/drivers/vx/built-in.o
  AR      sound/drivers/built-in.o
  CC      drivers/base/container.o
  CC      block/blk-mq-cpumap.o
  CC      sound/core/ctljack.o
  CC      kernel/irq/chip.o
  CC      mm/mlock.o
  CC      fs/susfs.o
  CC      crypto/ecb.o
  CC      drivers/base/property.o
  CC      drivers/base/cacheinfo.o
  CC      sound/core/jack.o
  CC      block/blk-mq-sched.o
  CC      kernel/irq/dummychip.o
  CC      crypto/cbc.o
  CC      sound/core/hwdep.o
  AR      kernel/livepatch/built-in.o
  CC      drivers/base/devtmpfs.o
  CC      mm/mmap.o
  CC      crypto/cts.o
  CC      kernel/irq/devres.o
  CC      block/ioctl.o
  CC      sound/core/timer.o
  CC      fs/buffer.o
  AR      sound/firewire/built-in.o
  CC      drivers/base/dma-contiguous.o
  CC      crypto/xts.o
  CC      crypto/ctr.o
  CC      kernel/irq/autoprobe.o
  CC      block/genhd.o
  CC      mm/mprotect.o
  CC      drivers/base/power/sysfs.o
  CC      sound/core/pcm.o
  CC      kernel/irq/irqdomain.o
  CC      crypto/gcm.o
  CC      fs/block_dev.o
  CC      mm/mremap.o
  CC      drivers/base/regmap/regmap.o
  CC      drivers/base/power/generic_ops.o
  CC      block/partition-generic.o
  CC      sound/core/pcm_native.o
  CC      kernel/irq/proc.o
  CC      crypto/cryptd.o
  CC      drivers/base/power/common.o
  CC      fs/direct-io.o
  CC      kernel/irq/cpuhotplug.o
  CC      block/ioprio.o
  CC      mm/msync.o
  CC      drivers/base/regmap/regcache.o
  CC      sound/core/pcm_lib.o
  CC      crypto/des_generic.o
  CC      kernel/irq/pm.o
  CC      drivers/base/power/qos.o
  CC      fs/mpage.o
  CC      drivers/base/regmap/regcache-rbtree.o
  CC      mm/page_vma_mapped.o
  CC      block/badblocks.o
  CC      crypto/twofish_generic.o
  CC      kernel/irq/msi.o
  CC      drivers/base/power/runtime.o
  CC      drivers/base/regmap/regcache-flat.o
  CC      sound/core/pcm_misc.o
  CC      crypto/twofish_common.o
  CC      mm/pagewalk.o
  CC      block/partitions/check.o
  CC      kernel/irq/affinity.o
  CC      fs/proc_namespace.o
  CC      drivers/base/power/wakeirq.o
  CC      crypto/aes_generic.o
  CC      sound/core/pcm_memory.o
  CC      drivers/base/regmap/regmap-debugfs.o
  AR      kernel/irq/built-in.o
  CC      mm/pgtable-generic.o
  CC      kernel/locking/semaphore.o
  CC      block/partitions/msdos.o
  CC      fs/configfs/inode.o
  CC      crypto/deflate.o
  CC      drivers/base/regmap/regmap-i2c.o
  CC      drivers/base/power/main.o
  CC      sound/core/memalloc.o
  CC      mm/rmap.o
  CC      block/partitions/efi.o
  CC      crypto/crc32c_generic.o
  CC      kernel/locking/percpu-rwsem.o
  CC      drivers/base/regmap/regmap-spi.o
  CC      fs/configfs/file.o
  CC      sound/core/pcm_timer.o
  CC      kernel/locking/mutex.o
  AR      block/partitions/built-in.o
  CC      block/bounce.o
  CC      crypto/crc32_generic.o
  CC      fs/configfs/dir.o
  CC      drivers/base/power/wakeup.o
  CC      sound/core/pcm_drm_eld.o
  CC      drivers/base/regmap/regmap-spmi.o
  CC      mm/vmalloc.o
  CC      kernel/locking/rwsem.o
  CC      crypto/authenc.o
  CC      sound/core/pcm_iec958.o
  CC      drivers/base/regmap/regmap-mmio.o
  CC      fs/configfs/symlink.o
  CC      kernel/locking/spinlock.o
  CC      block/scsi_ioctl.o
  CC      drivers/base/power/wakeup_stats.o
  AR      drivers/base/regmap/built-in.o
  CC      kernel/locking/osq_lock.o
  CC      kernel/locking/qspinlock.o
  CC      fs/configfs/mount.o
  CC      mm/process_vm_access.o
  CC      sound/core/rawmidi.o
  CC      crypto/authencesn.o
  CC      fs/configfs/item.o
  CC      kernel/locking/rtmutex.o
  CC      drivers/base/power/opp/core.o
  CC      block/bsg.o
  CC      kernel/locking/rwsem-xadd.o
  AR      fs/configfs/configfs.o
  AR      fs/configfs/built-in.o
  CC      mm/showmem.o
  CC      drivers/base/power/opp/cpu.o
  CC      fs/crypto/crypto.o
  CC      sound/core/compress_offload.o
  AR      drivers/base/test/built-in.o
  CC      crypto/lzo.o
  CC      kernel/locking/qrwlock.o
  CC      crypto/lz4.o
  CC      mm/vmpressure.o
  CC      block/blk-cgroup.o
  CC      drivers/base/power/opp/of.o
  AR      kernel/locking/built-in.o
  CC      kernel/power/qos.o
  CC      fs/crypto/fname.o
  CC      fs/debugfs/inode.o
  CC      crypto/rng.o
  AR      sound/core/snd.o
  AR      sound/core/snd-hwdep.o
  AR      sound/core/snd-timer.o
  CC      mm/init-mm.o
  AR      sound/core/snd-pcm.o
  CC      drivers/base/power/opp/debugfs.o
  AR      sound/core/snd-rawmidi.o
  AR      sound/core/snd-compress.o
  CC      fs/crypto/hkdf.o
  AR      sound/core/built-in.o
  CC      block/noop-iosched.o
  CC      fs/debugfs/file.o
  AR      sound/hda/built-in.o
  CC      mm/nobootmem.o
  CC      crypto/ansi_cprng.o
  CC      kernel/power/main.o
  AR      drivers/base/power/opp/built-in.o
  CC      drivers/base/power/domain.o
  AR      sound/i2c/other/built-in.o
  AR      sound/i2c/built-in.o
  CC      fs/crypto/hooks.o
  AR      sound/isa/ad1816a/built-in.o
  AR      sound/isa/ad1848/built-in.o
  CC      block/cfq-iosched.o
  CC      mm/fadvise.o
  AR      sound/isa/cs423x/built-in.o
  AR      fs/debugfs/debugfs.o
  CC      crypto/drbg.o
  AR      fs/debugfs/built-in.o
  AR      sound/isa/es1688/built-in.o
  CC      crypto/jitterentropy.o
  CC      kernel/power/process.o
  AR      sound/isa/galaxy/built-in.o
  CC      mm/madvise.o
  AR      sound/isa/gus/built-in.o
  CC      fs/crypto/keyring.o
  AR      sound/isa/msnd/built-in.o
  AR      sound/isa/opti9xx/built-in.o
  CC      drivers/base/power/domain_governor.o
  AR      sound/isa/sb/built-in.o
  CC      kernel/power/suspend.o
  AR      sound/isa/wavefront/built-in.o
  AR      sound/isa/wss/built-in.o
  CC      crypto/jitterentropy-kcapi.o
  AR      sound/isa/built-in.o
  AR      sound/mips/built-in.o
  CC      drivers/base/power/clock_ops.o
  CC      block/compat_ioctl.o
  AR      sound/parisc/built-in.o
  CC      crypto/ghash-generic.o
  CC      fs/crypto/keysetup.o
  CC      mm/memblock.o
  AR      sound/pci/ac97/built-in.o
  AR      drivers/base/power/built-in.o
  CC      drivers/base/dma-mapping.o
  CC      kernel/power/wakelock.o
  AR      sound/pci/ali5451/built-in.o
  CC      crypto/zstd.o
  AR      sound/pci/asihpi/built-in.o
  CC      fs/crypto/keysetup_v1.o
  AR      sound/pci/au88x0/built-in.o
  CC      block/blk-mq-pci.o
  AR      sound/pci/aw2/built-in.o
  CC      fs/devpts/inode.o
  AR      sound/pci/ca0106/built-in.o
  CC      mm/page_io.o
  AR      sound/pci/cs46xx/built-in.o
  CC      drivers/base/dma-coherent.o
  CC      crypto/ecc.o
  CC      kernel/power/poweroff.o
  AR      sound/pci/cs5535audio/built-in.o
  AR      sound/pci/ctxfi/built-in.o
  CC      fs/crypto/policy.o
  AR      kernel/power/built-in.o
  AR      sound/pci/echoaudio/built-in.o
  CC      kernel/printk/printk_safe.o
  AR      fs/devpts/devpts.o
  AR      sound/pci/emu10k1/built-in.o
  CC      block/blk-mq-debugfs.o
  AR      fs/devpts/built-in.o
  CC      block/keyslot-manager.o
  AR      sound/pci/hda/built-in.o
  AR      sound/pci/ice1712/built-in.o
  CC      crypto/ecdh.o
  AR      sound/pci/korg1212/built-in.o
  AR      kernel/printk/built-in.o
  CC      mm/swap_state.o
  CC      drivers/base/dma-removed.o
  CC      kernel/rcu/update.o
  AR      sound/pci/lola/built-in.o
  CC      fs/crypto/bio.o
  AR      sound/pci/lx6464es/built-in.o
  AR      sound/pci/mixart/built-in.o
  AR      sound/pci/nm256/built-in.o
  CC      block/bio-crypt-ctx.o
  AR      sound/pci/oxygen/built-in.o
  CC      crypto/ecdh_helper.o
  AR      sound/pci/pcxhr/built-in.o
  CC      kernel/sched/loadavg.o
  CC      drivers/base/firmware_class.o
  CC      fs/crypto/inline_crypt.o
  AR      sound/pci/riptide/built-in.o
  CC      mm/swapfile.o
  CC      kernel/rcu/sync.o
  AR      sound/pci/rme9652/built-in.o
  AR      sound/pci/trident/built-in.o
  AR      sound/pci/vx222/built-in.o
  AR      sound/pci/ymfpci/built-in.o
  AR      sound/pci/built-in.o
  CC      crypto/asymmetric_keys/asymmetric_type.o
  CC      kernel/rcu/srcutree.o
  CC      block/blk-crypto.o
  AR      sound/pcmcia/pdaudiocf/built-in.o
  CC      kernel/sched/clock.o
  AR      sound/pcmcia/vx/built-in.o
  AR      sound/pcmcia/built-in.o
  CC      drivers/base/memory.o
  AR      fs/crypto/fscrypto.o
  AR      sound/ppc/built-in.o
  CC      crypto/asymmetric_keys/restrict.o
  AR      fs/crypto/built-in.o
  CC      kernel/rcu/tree.o
  AR      sound/sh/built-in.o
  CC      kernel/sched/cputime.o
  CC      fs/erofs/super.o
  CC      block/blk-crypto-fallback.o
  CC      mm/swap_ratio.o
  CC      crypto/asymmetric_keys/signature.o
  CC      drivers/base/soc.o
  CC      kernel/sched/idle_task.o
  CC      sound/soc/soc-core.o
  AR      block/built-in.o
  CC      sound/soc/soc-dapm.o
  CC      mm/dmapool.o
  CC      crypto/asymmetric_keys/public_key.o
  CC      drivers/base/pinctrl.o
  CC      fs/erofs/inode.o
  CC      kernel/sched/rt.o
  CC      drivers/base/platform-msi.o
  ASN.1   crypto/asymmetric_keys/x509-asn1.c
  ASN.1   crypto/asymmetric_keys/x509_akid-asn1.c
  CC      crypto/asymmetric_keys/x509_public_key.o
  CC      mm/sparse.o
  CC      fs/erofs/data.o
  CC      drivers/base/arch_topology.o
  CC      kernel/rcu/rcu_segcblist.o
  AR      sound/sparc/built-in.o
  CC      crypto/hash_info.o
  ASN.1   crypto/asymmetric_keys/pkcs7-asn1.c
  CC      kernel/sched/deadline.o
  CC      crypto/asymmetric_keys/pkcs7_trust.o
  CC      sound/soc/soc-jack.o
  CC      mm/sparse-vmemmap.o
  CC      kernel/sched/wait.o
  AR      kernel/rcu/built-in.o
  CC      fs/erofs/namei.o
  CC      drivers/block/brd.o
  CC      crypto/asymmetric_keys/pkcs7_verify.o
  AR      drivers/base/built-in.o
  AR      fs/exofs/built-in.o
  AR      crypto/crypto.o
  CC      fs/exportfs/expfs.o
  CC      mm/slub.o
  AR      crypto/asymmetric_keys/asymmetric_keys.o
  CC      sound/soc/soc-cache.o
  CC      kernel/sched/wait_bit.o
  CC      crypto/asymmetric_keys/x509-asn1.o
  CC      fs/erofs/dir.o
  CC      crypto/asymmetric_keys/x509_akid-asn1.o
  CC      fs/ext4/balloc.o
  CC      drivers/block/loop.o
  CC      crypto/asymmetric_keys/x509_cert_parser.o
  AR      fs/exportfs/exportfs.o
  AR      fs/exportfs/built-in.o
  CC      kernel/sched/swait.o
  CC      sound/soc/soc-utils.o
  CC      crypto/asymmetric_keys/pkcs7-asn1.o
  CC      crypto/asymmetric_keys/pkcs7_parser.o
  CC      fs/erofs/utils.o
  MK_FW   firmware/novatek_ts_fw.bin.gen.S
  IHEX    firmware/novatek_ts_fw.bin
  MK_FW   firmware/novatek_ts_mp.bin.gen.S
  IHEX    firmware/novatek_ts_mp.bin
  CC      kernel/sched/swork.o
  MK_FW   firmware/novatek_nt36523_fw01.bin.gen.S
  IHEX    firmware/novatek_nt36523_fw01.bin
  AR      crypto/asymmetric_keys/x509_key_parser.o
  MK_FW   firmware/novatek_nt36523_mp01.bin.gen.S
  IHEX    firmware/novatek_nt36523_mp01.bin
  CC      sound/soc/soc-pcm.o
  AR      crypto/asymmetric_keys/pkcs7_message.o
  MK_FW   firmware/novatek_nt36523_fw02.bin.gen.S
  IHEX    firmware/novatek_nt36523_fw02.bin
  AR      crypto/asymmetric_keys/built-in.o
  AR      crypto/crypto_algapi.o
  MK_FW   firmware/novatek_nt36523_mp02.bin.gen.S
  IHEX    firmware/novatek_nt36523_mp02.bin
  MK_FW   firmware/novatek_nt36523_fw01_0042.bin.gen.S
  IHEX    firmware/novatek_nt36523_fw01_0042.bin
  AR      crypto/crypto_blkcipher.o
  CC      fs/erofs/pcpubuf.o
  CC      drivers/block/zram/zcomp.o
  AR      crypto/crypto_hash.o
  MK_FW   firmware/novatek_nt36523_fw02_0036.bin.gen.S
  IHEX    firmware/novatek_nt36523_fw02_0036.bin
  AS      firmware/novatek_ts_fw.bin.gen.o
  CC      kernel/sched/completion.o
  CC      crypto/rsapubkey-asn1.o
  CC      mm/memory_hotplug.o
  CC      fs/ext4/bitmap.o
  AS      firmware/novatek_ts_mp.bin.gen.o
  CC      crypto/rsaprivkey-asn1.o
  AR      crypto/crypto_acompress.o
  AR      crypto/cryptomgr.o
  AS      firmware/novatek_nt36523_fw01.bin.gen.o
  AR      crypto/jitterentropy_rng.o
  AS      firmware/novatek_nt36523_mp01.bin.gen.o
  AR      crypto/ecdh_generic.o
  AR      crypto/rsa_generic.o
  AR      drivers/block/zram/zram.o
  AS      firmware/novatek_nt36523_fw02.bin.gen.o
  CC      kernel/sched/idle.o
  AR      crypto/built-in.o
  CC      fs/erofs/xattr.o
  CC      fs/ext4/block_validity.o
  AR      drivers/block/zram/built-in.o
  AR      drivers/block/built-in.o
  AS      firmware/novatek_nt36523_mp02.bin.gen.o
  CC      drivers/bluetooth/bluetooth-power.o
  AS      firmware/novatek_nt36523_fw01_0042.bin.gen.o
  CC      sound/soc/soc-io.o
  AS      firmware/novatek_nt36523_fw02_0036.bin.gen.o
  AR      firmware/built-in.o
  CC      drivers/bluetooth/btfm_slim.o
  CC      mm/migrate.o
  CC      fs/erofs/decompressor.o
  CC      mm/page_counter.o
  CC      fs/ext4/dir.o
  CC      sound/soc/soc-devres.o
  CC      kernel/sched/cpupri.o
  CC      fs/erofs/zmap.o
  CC      drivers/bluetooth/btfm_slim_codec.o
  CC      fs/erofs/zdata.o
  CC      sound/soc/soc-ops.o
  CC      fs/ext4/ext4_jbd2.o
  CC      kernel/sched/cpudeadline.o
  CC      mm/page_isolation.o
  CC      fs/ext4/extents.o
  CC      kernel/sched/topology.o
  CC      drivers/bluetooth/btfm_slim_wcn3990.o
  CC      sound/soc/soc-compress.o
  AR      fs/erofs/erofs.o
  AR      fs/erofs/built-in.o
  AR      drivers/bluetooth/built-in.o
  CC      mm/early_ioremap.o
  CC      drivers/bus/qcom-ebi2.o
  CC      mm/cma.o
  CC      kernel/sched/stop_task.o
  CC      net/socket.o
  AR      sound/soc/adi/built-in.o
  AR      sound/soc/amd/built-in.o
  CC      drivers/bus/mhi/controllers/mhi_qcom.o
  AR      sound/soc/au1x/built-in.o
  AR      sound/soc/atmel/built-in.o
  CC      fs/ext4/extents_status.o
  AR      sound/soc/bcm/built-in.o
  CC      mm/frame_vector.o
  AR      sound/soc/blackfin/built-in.o
  AR      sound/soc/cirrus/built-in.o
  CC      kernel/sched/sched_avg.o
  CC      sound/soc/codecs/hdmi-codec.o
  CC      mm/usercopy.o
  CC      drivers/bus/mhi/controllers/mhi_arch_qcom.o
  CC      arch/arm64/lib/atomic_ll_sc.o
  AS      arch/arm64/lib/crc32.o
  AR      sound/soc/codecs/snd-soc-hdmi-codec.o
  AS      arch/arm64/lib/clear_page.o
  CC      fs/ext4/file.o
  CC      mm/process_reclaim.o
  AR      sound/soc/codecs/built-in.o
  CC      kernel/sched/energy.o
  AR      sound/soc/davinci/built-in.o
  AS      arch/arm64/lib/clear_user.o
  AR      sound/soc/dwc/built-in.o
  CC      net/802/p8022.o
  AS      arch/arm64/lib/copy_from_user.o
  AR      sound/soc/fsl/built-in.o
  AR      drivers/bus/mhi/controllers/built-in.o
  AS      arch/arm64/lib/copy_in_user.o
  AR      sound/soc/generic/built-in.o
  CC      drivers/bus/mhi/core/mhi_init.o
  AS      arch/arm64/lib/copy_page.o
  AR      sound/soc/hisilicon/built-in.o
  AR      sound/soc/img/built-in.o
  AS      arch/arm64/lib/copy_to_user.o
  CC      techpack/audio/asoc/codecs/cs35l41_v2/cs35l41.o
  CC      kernel/sched/autogroup.o
  AR      sound/soc/intel/boards/built-in.o
  AR      mm/built-in.o
  CC      fs/ext4/fsmap.o
  AR      sound/soc/intel/built-in.o
  CC      arch/arm64/lib/delay.o
  CC      drivers/bus/mhi/devices/mhi_netdev.o
  AR      sound/soc/jz4740/built-in.o
  AR      sound/soc/kirkwood/built-in.o
  CC      net/802/psnap.o
  AR      sound/soc/mediatek/built-in.o
  AS      arch/arm64/lib/memchr.o
  AR      sound/soc/mxs/built-in.o
  AR      sound/soc/nuc900/built-in.o
  AS      arch/arm64/lib/memcmp.o
  CC      kernel/sched/tune.o
  AR      sound/soc/omap/built-in.o
  AR      sound/soc/pxa/built-in.o
  AS      arch/arm64/lib/memcpy.o
  CC      drivers/bus/mhi/core/mhi_main.o
  AR      sound/soc/qcom/built-in.o
  AS      arch/arm64/lib/memmove.o
  AR      sound/soc/rockchip/built-in.o
  CC      techpack/audio/asoc/codecs/cs35l41_v2/cs35l41-i2c.o
  CC      drivers/bus/mhi/devices/mhi_uci.o
  CC      net/802/stp.o
  AS      arch/arm64/lib/memset.o
  AR      sound/soc/samsung/built-in.o
  AS      arch/arm64/lib/strchr.o
  AR      sound/soc/sh/built-in.o
  CC      fs/ext4/fsync.o
  AR      sound/soc/sirf/built-in.o
  AS      arch/arm64/lib/strcmp.o
  AR      sound/soc/spear/built-in.o
  CC      kernel/sched/cpuacct.o
  AS      arch/arm64/lib/strlen.o
  AR      sound/soc/sti/built-in.o
  AR      drivers/bus/mhi/devices/built-in.o
  AR      sound/soc/stm/built-in.o
  AS      arch/arm64/lib/strncmp.o
  AR      sound/spi/built-in.o
  AR      sound/soc/sunxi/built-in.o
  AR      net/802/built-in.o
  AS      arch/arm64/lib/strnlen.o
  CC      techpack/audio/asoc/codecs/cs35l41_v2/cs35l41-tables.o
  AR      sound/soc/tegra/built-in.o
  AS      arch/arm64/lib/strrchr.o
  AR      sound/soc/txx9/built-in.o
  CC      drivers/bus/mhi/core/mhi_pm.o
  CC      net/bluetooth/af_bluetooth.o
  CC      fs/ext4/hash.o
  AR      sound/soc/ux500/built-in.o
  CC      techpack/audio/asoc/codecs/cs35l41_v2/wm_adsp.o
  AS      arch/arm64/lib/tishift.o
  CC      kernel/sched/cpufreq.o
  AR      sound/soc/xtensa/built-in.o
  AR      arch/arm64/lib/lib.a
  AR      sound/soc/zte/built-in.o
  EXPORTS arch/arm64/lib/lib-ksyms.o
  AR      sound/soc/snd-soc-core.o
  AR      sound/soc/built-in.o
  AR      sound/synth/built-in.o
  CC      sound/usb/card.o
  CC      fs/ext4/ialloc.o
  CC      kernel/sched/cpufreq_schedutil.o
  CC      drivers/bus/mhi/core/mhi_boot.o
  AR      arch/arm64/lib/built-in.o
  CC      sound/usb/clock.o
  CC      net/bluetooth/hci_core.o
  CC      lib/lockref.o
  AR      techpack/audio/asoc/codecs/cs35l41_v2/cs35l41_dlkm.o
  CC      drivers/bus/mhi/core/mhi_dtr.o
  AR      techpack/audio/asoc/codecs/cs35l41_v2/built-in.o
  CC      sound/usb/endpoint.o
  CC      lib/bcd.o
  CC      lib/div64.o
  CC      kernel/sched/membarrier.o
  CC      lib/sort.o
  CC      lib/parser.o
  AR      techpack/audio/asoc/codecs/msm_sdw/built-in.o
  CC      fs/ext4/indirect.o
  AR      techpack/audio/asoc/codecs/sdm660_cdc/built-in.o
  AR      drivers/bus/mhi/core/built-in.o
  AR      drivers/bus/mhi/built-in.o
  CC      kernel/sched/psi.o
  AR      drivers/bus/built-in.o
  CC      sound/usb/format.o
  CC      lib/debug_locks.o
  AR      drivers/cdrom/built-in.o
  CC      fs/ext4/inline.o
  CC      drivers/char/mem.o
  CC      lib/random32.o
  CC      net/bluetooth/hci_conn.o
  CC      techpack/audio/asoc/codecs/wcd934x/wcd934x.o
  CC      sound/usb/helper.o
  CC      lib/bust_spinlocks.o
  AR      kernel/sched/built-in.o
  CC      drivers/char/random.o
  CC      fs/ext4/inode.o
  CC      kernel/time/time.o
  CC      sound/usb/mixer.o
  CC      kernel/time/timer.o
  CC      net/bluetooth/hci_event.o
  CC      lib/kasprintf.o
  CC      drivers/char/misc.o
  CC      lib/bitmap.o
  CC      sound/usb/mixer_quirks.o
  CC      kernel/time/hrtimer.o
  AR      drivers/char/agp/built-in.o
  CC      lib/scatterlist.o
  CC      drivers/char/diag/diagchar_core.o
  CC      net/bluetooth/mgmt.o
  CC      techpack/audio/asoc/codecs/wcd934x/wcd934x-dsp-cntl.o
  CC      sound/usb/mixer_scarlett.o
  CC      kernel/time/timekeeping.o
  CC      lib/gcd.o
  CC      fs/ext4/ioctl.o
  CC      lib/lcm.o
  CC      lib/list_sort.o
  CC      sound/usb/mixer_us16x08.o
  CC      lib/uuid.o
  CC      techpack/audio/asoc/codecs/wcd934x/wcd934x-mbhc.o
  CC      techpack/data/drivers/rmnet/perf/rmnet_perf_config.o
  CC      lib/flex_array.o
  CC      drivers/char/diag/diagchar_hdlc.o
  CC      kernel/time/ntp.o
  CC      sound/usb/pcm.o
  CC      lib/iov_iter.o
  CC      drivers/char/diag/diagfwd.o
  CC      net/bluetooth/hci_sock.o
  CC      techpack/audio/asoc/codecs/wcd934x/wcd934x-dsd.o
  CC      kernel/time/clocksource.o
  CC      fs/ext4/mballoc.o
  CC      techpack/data/drivers/rmnet/perf/rmnet_perf_core.o
  CC      sound/usb/proc.o
  CC      drivers/char/diag/diagfwd_peripheral.o
  CC      lib/clz_ctz.o
  CC      kernel/time/jiffies.o
  CC      lib/bsearch.o
  AR      techpack/audio/asoc/codecs/wcd934x/wcd934x_dlkm.o
  CC      sound/usb/quirks.o
  AR      techpack/audio/asoc/codecs/wcd934x/built-in.o
  CC      net/bluetooth/hci_sysfs.o
  CC      kernel/time/timer_list.o
  CC      techpack/data/drivers/rmnet/perf/rmnet_perf_opt.o
  CC      drivers/char/diag/diagfwd_socket.o
  CC      lib/find_bit.o
  CC      techpack/audio/asoc/codecs/wcd9360/wcd9360.o
  CC      kernel/time/timeconv.o
  CC      sound/usb/stream.o
  CC      lib/llist.o
  CC      fs/ext4/migrate.o
  CC      lib/memweight.o
  CC      net/bluetooth/l2cap_core.o
  CC      kernel/time/timecounter.o
  CC      drivers/char/diag/diagfwd_rpmsg.o
  CC      kernel/time/alarmtimer.o
  CC      lib/kfifo.o
  CC      sound/usb/badd.o
  CC      techpack/data/drivers/rmnet/perf/rmnet_perf_tcp_opt.o
  CC      fs/ext4/mmp.o
  CC      sound/usb/midi.o
  CC      drivers/char/diag/diag_mux.o
  CC      lib/percpu-refcount.o
  CC      kernel/time/posix-timers.o
  CC      lib/percpu_ida.o
  CC      drivers/char/diag/diag_memorydevice.o
  CC      techpack/audio/asoc/codecs/wcd9360/wcd9360-dsp-cntl.o
  CC      fs/ext4/move_extent.o
  AR      sound/usb/6fire/built-in.o
  AR      sound/usb/bcd2000/built-in.o
  CC      techpack/data/drivers/rmnet/perf/rmnet_perf_udp_opt.o
  CC      lib/rhashtable.o
  AR      sound/usb/caiaq/built-in.o
  AR      sound/usb/hiface/built-in.o
  CC      kernel/time/posix-cpu-timers.o
  CC      net/bluetooth/l2cap_sock.o
  AR      sound/usb/misc/built-in.o
  CC      drivers/char/diag/diag_usb.o
  AR      sound/usb/usx2y/built-in.o
  CC      sound/usb/usb_audio_qmi_v01.o
  CC      fs/ext4/namei.o
  AR      techpack/audio/asoc/codecs/wcd9360/wcd9360_dlkm.o
  CC      sound/usb/usb_audio_qmi_svc.o
  AR      techpack/audio/asoc/codecs/wcd9360/built-in.o
  CC      drivers/char/diag/diagmem.o
  CC      lib/reciprocal_div.o
  CC      kernel/time/posix-clock.o
  AR      techpack/data/drivers/rmnet/perf/rmnet_perf.o
  CC      lib/once.o
  AR      techpack/data/drivers/rmnet/perf/built-in.o
  AR      techpack/audio/asoc/codecs/wcd937x/built-in.o
  CC      techpack/data/drivers/rmnet/shs/rmnet_shs_config.o
  CC      techpack/audio/asoc/codecs/wcd9xxx-rst.o
  CC      drivers/char/diag/diagfwd_cntl.o
  CC      net/bluetooth/smp.o
  CC      lib/refcount.o
  AR      sound/usb/snd-usb-audio.o
  AR      sound/usb/snd-usbmidi-lib.o
  CC      kernel/time/itimer.o
  CC      lib/usercopy.o
  AR      sound/usb/built-in.o
  AR      sound/x86/built-in.o
  CC      sound/last.o
  CC      techpack/audio/asoc/codecs/wcd9xxx-core-init.o
  CC      drivers/char/diag/diag_dci.o
  CC      lib/errseq.o
  CC      techpack/data/drivers/rmnet/shs/rmnet_shs_main.o
  CC      fs/ext4/page-io.o
  CC      lib/string_helpers.o
  AR      sound/soundcore.o
  CC      kernel/time/clockevents.o
  AR      sound/built-in.o
  CC      techpack/audio/asoc/codecs/wcd9xxx-core.o
  CC      net/bluetooth/lib.o
  CC      drivers/char/diag/diag_masks.o
  CC      fs/ext4/readpage.o
  CC      lib/hexdump.o
  CC      kernel/time/tick-common.o
  CC      lib/kstrtox.o
  CC      techpack/audio/asoc/codecs/wcd9xxx-irq.o
  CC      techpack/data/drivers/rmnet/shs/rmnet_shs_wq.o
  CC      drivers/char/diag/diag_debugfs.o
  CC      net/bluetooth/ecdh_helper.o
  CC      lib/pci_iomap.o
  CC      fs/ext4/resize.o
  CC      kernel/time/tick-broadcast.o
  CC      techpack/audio/asoc/codecs/wcd9xxx-slimslave.o
  CC      net/bluetooth/hci_request.o
  CC      drivers/char/diag/diag_pcie.o
  CC      lib/iomap_copy.o
  CC      lib/devres.o
  CC      kernel/time/tick-broadcast-hrtimer.o
  CC      techpack/data/drivers/rmnet/shs/rmnet_shs_freq.o
  CC      fs/ext4/super.o
  CC      techpack/audio/asoc/codecs/wcd9xxx-utils.o
  CC      drivers/char/diag/diagfwd_bridge.o
  CC      kernel/time/sched_clock.o
  CC      lib/hweight.o
  CC      lib/assoc_array.o
  CC      net/bluetooth/mgmt_util.o
  CC      techpack/data/drivers/rmnet/shs/rmnet_shs_wq_mem.o
  CC      drivers/char/diag/diagfwd_mhi.o
  CC      kernel/time/tick-oneshot.o
  CC      techpack/audio/asoc/codecs/wcd9335-regmap.o
  CC      techpack/audio/dsp/codecs/q6audio_v2.o
  CC      lib/bitrev.o
  CC      lib/rational.o
  CC      lib/crc-ccitt.o
  CC      net/bluetooth/sco.o
  CC      kernel/time/tick-sched.o
  CC      techpack/audio/asoc/codecs/wcd9335-tables.o
  AR      drivers/char/diag/diagchar.o
  AR      drivers/char/diag/built-in.o
  CC      techpack/audio/dsp/codecs/q6audio_v2_aio.o
  CC      lib/crc16.o
  CC      drivers/char/hw_random/core.o
  CC      techpack/audio/asoc/codecs/msm-cdc-pinctrl.o
  CC      techpack/data/drivers/rmnet/shs/rmnet_shs_wq_genl.o
  HOSTCC  lib/gen_crc32table
  CC      kernel/time/timekeeping_debug.o
  CC      techpack/audio/dsp/codecs/audio_utils_aio.o
  CC      lib/libcrc32c.o
  CC      drivers/char/hw_random/msm_rng.o
  CC      techpack/audio/asoc/codecs/msm-cdc-supply.o
  CC      net/bluetooth/a2mp.o
  AR      techpack/data/drivers/rmnet/shs/rmnet_shs.o
  AR      techpack/data/drivers/rmnet/shs/built-in.o
  AR      techpack/data/drivers/rmnet/built-in.o
  CC      lib/crc8.o
  CC      drivers/char/hw_random/cavium-rng.o
  AR      techpack/data/drivers/built-in.o
  AR      techpack/data/built-in.o
  CC      techpack/audio/asoc/codecs/wcd934x/wcd934x-regmap.o
  AR      kernel/time/built-in.o
  CC      techpack/audio/dsp/msm-audio-event-notify.o
  CC      fs/ext4/symlink.o
  CC      techpack/audio/dsp/codecs/audio_utils.o
  CC      kernel/trace/trace_clock.o
  CC      drivers/char/hw_random/cavium-rng-vf.o
  CC      techpack/audio/asoc/codecs/wcd934x/wcd934x-tables.o
  CC      lib/xxhash.o
  CC      techpack/audio/asoc/codecs/wcd9360/wcd9360-regmap.o
  CC      techpack/audio/dsp/codecs/audio_native.o
  CC      net/bluetooth/amp.o
  CC      fs/ext4/sysfs.o
  CC      kernel/trace/ring_buffer.o
  AR      drivers/char/hw_random/rng-core.o
  AR      drivers/char/hw_random/built-in.o
  CC      drivers/char/adsprpc.o
  CC      lib/genalloc.o
  CC      techpack/audio/ipc/apr.o
  CC      techpack/audio/dsp/codecs/aac_in.o
  CC      techpack/audio/asoc/codecs/wcd-clsh.o
  CC      fs/ext4/xattr.o
  CC      net/bluetooth/hci_debugfs.o
  CC      techpack/audio/ipc/apr_v2.o
  CC      lib/crypto/blake2s.o
  CC      techpack/audio/asoc/codecs/wcd9xxx-common-v2.o
  CC      kernel/trace/trace_seq.o
  CC      techpack/audio/dsp/codecs/amrnb_in.o
  CC      techpack/audio/ipc/apr_tal_rpmsg.o
  CC      lib/crypto/blake2s-generic.o
  CC      drivers/char/adsprpc_compat.o
  CC      kernel/trace/trace_stat.o
  CC      techpack/audio/dsp/codecs/amrwb_in.o
  AR      lib/crypto/libblake2s.o
  CC      techpack/audio/asoc/codecs/wcd9xxx-resmgr-v2.o
  AR      lib/crypto/built-in.o
  CC      techpack/audio/ipc/wcd-dsp-glink.o
  AR      net/bluetooth/bluetooth.o
  CC      fs/ext4/xattr_trusted.o
  AR      net/bluetooth/built-in.o
  CC      lib/lz4/lz4_compress.o
  CC      net/bpf/test_run.o
  CC      drivers/char/fastcvpd.o
  CC      techpack/audio/dsp/codecs/audio_aac.o
  AR      techpack/audio/ipc/apr_dlkm.o
  CC      kernel/trace/trace_printk.o
  AR      techpack/audio/ipc/wglink_dlkm.o
  AR      techpack/audio/ipc/built-in.o
  CC      fs/ext4/xattr_user.o
  CC      lib/lz4/lz4_decompress.o
  CC      techpack/audio/asoc/codecs/wcdcal-hwdep.o
  CC      lib/lzo/lzo1x_compress.o
  AR      net/bpf/built-in.o
  CC      techpack/audio/dsp/codecs/audio_alac.o
  CC      kernel/trace/trace_sched_switch.o
  AR      drivers/char/built-in.o
  CC      net/bridge/br.o
  AR      drivers/char/ipmi/built-in.o
  CC      lib/lzo/lzo1x_decompress_safe.o
  AR      lib/lz4/built-in.o
  AR      lib/lzo/lzo_compress.o
  CC      fs/ext4/acl.o
  CC      drivers/clk/clk-devres.o
  CC      techpack/audio/dsp/codecs/audio_amrnb.o
  CC      techpack/audio/asoc/codecs/wcd9xxx-soc-init.o
  AR      lib/lzo/lzo_decompress.o
  AR      lib/lzo/built-in.o
  CC      net/bridge/br_device.o
  CC      drivers/clk/clk-bulk.o
  CC      lib/mpi/generic_mpih-lshift.o
  CC      kernel/trace/trace_nop.o
  CC      techpack/audio/asoc/codecs/wcd-dsp-utils.o
  CC      lib/mpi/generic_mpih-mul1.o
  CC      fs/ext4/xattr_security.o
  CC      techpack/audio/dsp/codecs/audio_amrwb.o
  CC      drivers/clk/clkdev.o
  CC      lib/reed_solomon/reed_solomon.o
  CC      kernel/trace/blktrace.o
  CC      techpack/audio/asoc/codecs/wcd-dsp-mgr.o
  CC      lib/mpi/generic_mpih-mul2.o
  CC      net/bridge/br_fdb.o
  AR      lib/reed_solomon/built-in.o
  CC      techpack/audio/dsp/codecs/audio_amrwbplus.o
  CC      net/bridge/br_forward.o
  CC      fs/ext4/verity.o
  CC      drivers/clk/clk.o
  CC      lib/mpi/generic_mpih-mul3.o
  CC      kernel/trace/trace_export.o
  CC      techpack/audio/asoc/codecs/audio-ext-clk-up.o
  CC      techpack/audio/dsp/codecs/audio_ape.o
  CC      lib/mpi/generic_mpih-rshift.o
  AR      fs/ext4/ext4.o
  CC      techpack/audio/dsp/codecs/audio_evrc.o
  CC      kernel/trace/trace_event_perf.o
  AR      fs/ext4/built-in.o
  CC      net/bridge/br_if.o
  CC      techpack/audio/asoc/codecs/wsa881x.o
  CC      net/bridge/br_input.o
  CC      drivers/clk/clk-divider.o
  CC      lib/mpi/generic_mpih-sub1.o
  CC      techpack/audio/dsp/codecs/audio_g711alaw.o
  CC      fs/fat/cache.o
  CC      kernel/trace/trace_events_filter.o
  CC      drivers/clk/clk-fixed-factor.o
  CC      lib/mpi/generic_mpih-add1.o
  CC      fs/fat/dir.o
  CC      techpack/audio/asoc/codecs/wsa881x-tables.o
  CC      techpack/audio/dsp/codecs/audio_g711mlaw.o
  CC      lib/zlib_deflate/deflate.o
  CC      drivers/clk/clk-fixed-rate.o
  CC      net/bridge/br_ioctl.o
  CC      lib/mpi/mpicoder.o
  CC      kernel/trace/trace_events_trigger.o
  CC      techpack/audio/asoc/codecs/wsa881x-regmap.o
  CC      lib/zlib_deflate/deftree.o
  CC      drivers/clk/clk-gate.o
  CC      techpack/audio/dsp/codecs/audio_hwacc_effects.o
  CC      fs/fat/fatent.o
  CC      lib/zlib_deflate/deflate_syms.o
  CC      lib/mpi/mpi-bit.o
  CC      drivers/clk/clk-multiplier.o
  AR      lib/zlib_deflate/zlib_deflate.o
  CC      net/bridge/br_stp.o
  CC      techpack/audio/dsp/codecs/audio_mp3.o
  CC      techpack/audio/asoc/codecs/wsa881x-temp-sensor.o
  AR      lib/zlib_deflate/built-in.o
  CC      kernel/trace/bpf_trace.o
  CC      techpack/audio/dsp/codecs/audio_multi_aac.o
  CC      fs/fat/file.o
  CC      lib/mpi/mpi-cmp.o
  CC      drivers/clk/clk-mux.o
  CC      net/bridge/br_stp_bpdu.o
  CC      techpack/audio/asoc/codecs/msm_stub.o
  CC      lib/mpi/mpih-cmp.o
  CC      techpack/audio/dsp/codecs/audio_qcelp.o
  CC      drivers/clk/clk-composite.o
  CC      fs/fat/inode.o
  CC      techpack/audio/asoc/codecs/wcd_cpe_core.o
  CC      kernel/trace/power-traces.o
  CC      techpack/audio/dsp/codecs/audio_wma.o
  CC      fs/fat/misc.o
  CC      lib/mpi/mpih-div.o
  CC      drivers/clk/clk-fractional-divider.o
  CC      net/bridge/br_stp_if.o
  CC      lib/mpi/mpih-mul.o
  CC      techpack/audio/dsp/codecs/audio_wmapro.o
  CC      techpack/audio/asoc/codecs/wcd_cpe_services.o
  CC      fs/fat/nfs.o
  CC      kernel/trace/rpm-traces.o
  CC      drivers/clk/clk-gpio.o
  CC      lib/mpi/mpi-pow.o
  CC      lib/zlib_inflate/inffast.o
  CC      fs/fat/namei_msdos.o
  CC      techpack/audio/dsp/codecs/evrc_in.o
  CC      net/bridge/br_stp_timer.o
  CC      lib/zlib_inflate/inflate.o
  CC      techpack/audio/asoc/codecs/wcd-spi.o
  CC      drivers/clk/clk-conf.o
  CC      kernel/trace/trace_probe.o
  CC      lib/mpi/mpiutil.o
  CC      lib/zlib_inflate/infutil.o
  AR      fs/fat/fat.o
  AR      fs/fat/msdos.o
  CC      techpack/audio/dsp/codecs/g711alaw_in.o
  AR      fs/fat/built-in.o
  CC      lib/zlib_inflate/inftrees.o
  CC      fs/fuse/dev.o
  AR      lib/mpi/mpi.o
  CC      net/bridge/br_netlink.o
  AR      drivers/clk/bcm/built-in.o
  CC      techpack/audio/asoc/codecs/wcd-mbhc-v2.o
  AR      lib/mpi/built-in.o
  CC      lib/zlib_inflate/inflate_syms.o
  AR      drivers/clk/imgtec/built-in.o
  CC      techpack/audio/dsp/codecs/g711mlaw_in.o
  AR      drivers/clk/msm/built-in.o
  AR      drivers/clk/mvebu/built-in.o
  CC      kernel/trace/trace_uprobe.o
  AR      lib/zlib_inflate/zlib_inflate.o
  AR      lib/zlib_inflate/built-in.o
  CC      drivers/clk/qcom/common.o
  CC      lib/zstd/zstd_compress_module.o
  CC      techpack/audio/dsp/codecs/qcelp_in.o
  CC      techpack/audio/asoc/codecs/wcd-mbhc-adc.o
  CC      fs/fuse/dir.o
  CC      drivers/clk/qcom/clk-regmap.o
  CC      net/bridge/br_netlink_tunnel.o
  CC      techpack/audio/soc/pinctrl-wcd.o
  CC      lib/zstd/compress/fse_compress.o
  AR      kernel/trace/built-in.o
  CC      kernel/freezer.o
  CC      lib/zstd/compress/hist.o
  AR      techpack/audio/dsp/codecs/native_dlkm.o
  CC      drivers/clk/qcom/clk-alpha-pll.o
  CC      lib/zstd/compress/huf_compress.o
  CC      techpack/audio/asoc/codecs/msm_hdmi_codec_rx.o
  AR      techpack/audio/dsp/codecs/built-in.o
  CC      fs/fuse/file.o
  CC      techpack/audio/soc/regmap-swr.o
  CC      techpack/audio/dsp/audio_calibration.o
  CC      net/bridge/br_sysfs_if.o
  CC      lib/zstd/compress/zstd_compress.o
  CC      kernel/stacktrace.o
  AR      techpack/audio/asoc/codecs/wcd_core_dlkm.o
  CC      drivers/clk/qcom/clk-pll.o
  AR      techpack/audio/asoc/codecs/wcd9xxx_dlkm.o
  CC      techpack/audio/dsp/audio_cal_utils.o
  CC      techpack/audio/soc/soundwire.o
  AR      techpack/audio/asoc/codecs/wsa881x_dlkm.o
  AR      techpack/audio/asoc/codecs/stub_dlkm.o
  CC      kernel/uid16.o
  AR      techpack/audio/asoc/codecs/wcd_cpe_dlkm.o
  CC      fs/fuse/inode.o
  AR      techpack/audio/asoc/codecs/wcd_spi_dlkm.o
  CC      drivers/clk/qcom/clk-rcg.o
  CC      net/bridge/br_sysfs_br.o
  AR      techpack/audio/asoc/codecs/mbhc_dlkm.o
  CC      lib/zstd/compress/zstd_compress_literals.o
  AR      techpack/audio/asoc/codecs/hdmi_dlkm.o
  CC      techpack/audio/soc/swr-wcd-ctrl.o
  CC      techpack/audio/dsp/q6adm.o
  AR      techpack/audio/asoc/codecs/built-in.o
  CC      lib/zstd/compress/zstd_compress_sequences.o
  CC      techpack/audio/asoc/msm-audio-effects-q6-v2.o
  CC      kernel/kallsyms.o
  CC      drivers/clk/qcom/clk-rcg2.o
  CC      lib/zstd/compress/zstd_compress_superblock.o
  CC      fs/fuse/control.o
  CC      lib/zstd/compress/zstd_double_fast.o
  CC      techpack/audio/asoc/msm-compress-q6-v2.o
  AR      techpack/audio/soc/pinctrl_wcd_dlkm.o
  CC      net/bridge/br_nf_core.o
  AR      techpack/audio/soc/swr_dlkm.o
  CC      kernel/compat.o
  CC      drivers/clk/qcom/clk-branch.o
  CC      techpack/audio/dsp/q6afe.o
  AR      techpack/audio/soc/swr_ctrl_dlkm.o
  AR      techpack/audio/soc/built-in.o
  CC      net/bridge/br_multicast.o
  CC      fs/fuse/xattr.o
  CC      drivers/clk/qcom/clk-regmap-divider.o
  CC      techpack/audio/asoc/msm-dai-fe.o
  CC      kernel/utsname.o
  CC      fs/fuse/acl.o
  CC      net/bridge/br_mdb.o
  CC      lib/zstd/compress/zstd_fast.o
  CC      drivers/clk/qcom/clk-regmap-mux.o
  GZIP    kernel/config_data.gz
  CC      kernel/stop_machine.o
  CC      techpack/audio/dsp/q6asm.o
  CC      techpack/audio/asoc/msm-dai-q6-hdmi-v2.o
  CC      lib/zstd/compress/zstd_lazy.o
  CC      fs/fuse/passthrough.o
  CC      kernel/seccomp.o
  CC      drivers/clk/qcom/clk-regmap-mux-div.o
  CC      net/bridge/br_switchdev.o
  CC      net/bridge/br_netfilter_hooks.o
  CC      techpack/audio/asoc/msm-dai-q6-v2.o
  AR      fs/fuse/fuse.o
  AR      fs/fuse/built-in.o
  CC      drivers/clk/qcom/reset.o
  CC      drivers/clk/qcom/clk-voter.o
  CC      fs/incfs/data_mgmt.o
  CC      kernel/utsname_sysctl.o
  CC      net/bridge/br_netfilter_ipv6.o
  CC      drivers/clk/qcom/clk-dummy.o
  CC      kernel/taskstats.o
  CC      techpack/audio/dsp/q6audio-v2.o
  CC      fs/incfs/format.o
  CC      techpack/audio/asoc/msm-dai-slim.o
  AR      virt/lib/built-in.o
  AR      virt/built-in.o
  CC      techpack/audio/dsp/q6voice.o
  CC      drivers/clk/qcom/clk-debug.o
  CC      fs/incfs/integrity.o
  CC      kernel/tsacct.o
  CC      net/bridge/netfilter/ebtables.o
  CC      techpack/audio/asoc/msm-dai-stub-v2.o
  CC      drivers/clk/qcom/gdsc-regulator.o
  CC      fs/incfs/main.o
  CC      lib/zstd/compress/zstd_ldm.o
  CC      kernel/tracepoint.o
  CC      fs/incfs/vfs.o
  CC      lib/zstd/compress/zstd_opt.o
  CC      techpack/audio/asoc/msm-lsm-client.o
  CC      drivers/clk/qcom/camcc-sm8150.o
  CC      kernel/irq_work.o
  CC      techpack/audio/dsp/q6core.o
  CC      lib/zstd/zstd_decompress_module.o
  DTC     arch/arm64/boot/dts/qcom/sm8150.dtb
  CC      drivers/clk/qcom/clk-aop-qmp.o
  CC      net/bridge/netfilter/ebtable_broute.o
  CC      kernel/cpu_pm.o
  AR      fs/incfs/incrementalfs.o
  CC      lib/zstd/decompress/huf_decompress.o
  AR      fs/incfs/built-in.o
  CC      techpack/audio/asoc/msm-pcm-afe-v2.o
  CC      fs/jbd2/transaction.o
  CC      kernel/memremap.o
  CC      techpack/audio/dsp/q6common.o
  CC      drivers/clk/qcom/clk-rpmh.o
  AR      net/bridge/netfilter/built-in.o
  CC      lib/zstd/decompress/zstd_ddict.o
  AR      net/bridge/bridge.o
  CC      techpack/audio/dsp/rtac.o
  AR      net/bridge/br_netfilter.o
  AR      net/bridge/built-in.o
  CHK     kernel/config_data.h
  CC      techpack/audio/asoc/msm-pcm-dtmf-v2.o
  UPD     kernel/config_data.h
  CC      kernel/configs.o
  CC      drivers/clk/qcom/dispcc-sm8150.o
  CC      lib/zstd/decompress/zstd_decompress.o
  CC      net/core/sock.o
  DTC     arch/arm64/boot/dts/qcom/sm8150-v2.dtb
  AR      kernel/built-in.o
  CC      fs/jbd2/commit.o
  CC      drivers/clk/qcom/gcc-sm8150.o
  CC      lib/zstd/decompress/zstd_decompress_block.o
  CC      techpack/audio/dsp/q6lsm.o
  CC      fs/jbd2/recovery.o
  CC      techpack/audio/asoc/msm-pcm-hostless.o
  CC      drivers/clk/qcom/gpucc-sm8150.o
  CC      lib/zstd/zstd_common_module.o
  CC      techpack/audio/asoc/msm-pcm-host-voice-v2.o
  CC      techpack/audio/dsp/audio_slimslave.o
  DTC     arch/arm64/boot/dts/qcom/sm8150p.dtb
  CC      net/core/request_sock.o
  CC      fs/jbd2/checkpoint.o
  CC      lib/zstd/common/debug.o
  CC      techpack/audio/dsp/adsp_err.o
  CC      lib/zstd/common/entropy_common.o
  CC      drivers/clk/qcom/npucc-sm8150.o
  CC      lib/zstd/common/error_private.o
  CC      lib/zstd/common/fse_decompress.o
  DTC     arch/arm64/boot/dts/qcom/sm8150p-v2.dtb
  CC      techpack/audio/dsp/msm_audio_ion.o
  CC      techpack/audio/asoc/msm-pcm-loopback-v2.o
  CC      drivers/clk/qcom/videocc-sm8150.o
  CC      lib/zstd/common/zstd_common.o
  CC      net/core/datagram.o
  CC      fs/jbd2/revoke.o
  AR      lib/zstd/zstd_compress.o
  AR      lib/zstd/zstd_decompress.o
  AR      lib/zstd/zstd_common.o
  CC      drivers/clk/qcom/clk-spmi-pmic-div.o
  AR      lib/zstd/built-in.o
  CC      lib/textsearch.o
  CC      lib/ts_kmp.o
  CC      techpack/audio/asoc/msm-pcm-q6-noirq.o
  CC      techpack/audio/dsp/avtimer.o
  CC      fs/jbd2/journal.o
  CC      net/core/stream.o
  CC      lib/ts_bm.o
  DTC     arch/arm64/boot/dts/qcom/nabu-sm8150-overlay.dtbo
  CC      drivers/clk/qcom/mdss/mdss-pll-util.o
  CC      techpack/audio/asoc/msm-pcm-q6-v2.o
  CC      drivers/clk/qcom/mdss/mdss-pll.o
  CC      techpack/audio/dsp/q6_init.o
  CC      lib/ts_fsm.o
  CC      net/core/scm.o
  CC      techpack/audio/dsp/apr_elliptic.o
  CC      techpack/audio/dsp/elliptic/elliptic.o
  AR      fs/jbd2/jbd2.o
  CC      lib/percpu_counter.o
  AR      fs/jbd2/built-in.o
  CC      drivers/clk/qcom/mdss/mdss-dsi-pll-10nm.o
  CC      techpack/audio/asoc/msm-pcm-routing-v2.o
  CC      fs/kernfs/mount.o
  CC      techpack/audio/asoc/msm-pcm-voice-v2.o
  CC      net/core/gen_stats.o
  CC      techpack/audio/dsp/elliptic/elliptic_sysfs.o
  CC      lib/swiotlb.o
  CC      net/core/gen_estimator.o
  CC      drivers/clk/qcom/mdss/mdss-dp-pll-10nm.o
  CC      fs/kernfs/inode.o
  CC      net/core/net_namespace.o
  CC      fs/kernfs/dir.o
  CC      techpack/audio/dsp/elliptic/elliptic_mixer_controls.o
  CC      lib/iommu-helper.o
  CC      drivers/clk/qcom/mdss/mdss-dp-pll-10nm-util.o
  CC      lib/iommu-common.o
  CC      drivers/clk/qcom/mdss/mdss-dsi-pll-7nm.o
  CC      net/core/secure_seq.o
  CC      techpack/audio/asoc/msm-pcm-voip-v2.o
  CC      fs/kernfs/file.o
  CC      techpack/audio/dsp/elliptic/io_modules/msm/elliptic_data_msm_io.o
  CC      fs/kernfs/symlink.o
  CC      lib/syscall.o
  CC      techpack/audio/dsp/elliptic/io_modules/userspace/elliptic_data_userspace_io.o
  CC      drivers/clk/qcom/mdss/mdss-dp-pll-7nm.o
  CC      lib/nlattr.o
  AR      fs/kernfs/built-in.o
  CC      techpack/audio/dsp/elliptic/io_modules/userspace/elliptic_data_userspace_ctrl.o
  CC      fs/nls/nls_base.o
  CC      net/core/flow_dissector.o
  CC      techpack/audio/asoc/msm-transcode-loopback-q6-v2.o
  CC      lib/checksum.o
  CC      drivers/clk/qcom/mdss/mdss-dp-pll-7nm-util.o
  CC      lib/cpu_rmap.o
  CC      fs/nls/nls_cp437.o
  CC      lib/dynamic_queue_limits.o
  AR      drivers/clk/renesas/built-in.o
  CC      lib/glob.o
  CC      techpack/audio/dsp/msm-dts-srs-tm-config.o
  CC      drivers/clk/qcom/mdss/mdss-dsi-pll-28lpm.o
  CC      fs/nls/nls_iso8859-1.o
  CC      lib/strncpy_from_user.o
  CC      lib/strnlen_user.o
  CC      lib/net_utils.o
  CC      fs/nls/nls_utf8.o
  CC      net/core/sysctl_net_core.o
  CC      techpack/audio/asoc/platform_init.o
  CC      techpack/audio/asoc/msm-ds2-dap-config.o
  CC      drivers/clk/qcom/mdss/mdss-dsi-pll-28nm-util.o
  CC      techpack/audio/dsp/msm-cirrus-playback.o
  CC      techpack/audio/asoc/msm-pcm-routing-devdep.o
  AR      fs/nls/built-in.o
  CC      lib/sg_pool.o
  CC      lib/asn1_decoder.o
  CC      fs/notify/fsnotify.o
  CC      techpack/audio/asoc/msm-qti-pp-config.o
  GEN     lib/oid_registry_data.c
  CC      drivers/clk/qcom/mdss/mdss-dsi-pll-14nm.o
  CC      lib/sbitmap.o
  AR      drivers/clk/qcom/clk-qcom.o
  CC      net/core/ethtool.o
  CC      lib/argv_split.o
  CC      techpack/audio/dsp/voice_mhi.o
  CC      techpack/audio/asoc/sm8150.o
  CC      techpack/audio/asoc/machine_815x_init.o
  CC      fs/notify/notification.o
  CC      drivers/clk/qcom/mdss/mdss-dsi-pll-14nm-util.o
  CC      lib/bug.o
  CC      net/core/dev_addr_lists.o
  CC      net/core/dst.o
  CC      techpack/audio/dsp/usf.o
  CC      lib/chacha.o
  CC      fs/notify/group.o
  AR      techpack/audio/asoc/platform_dlkm.o
  CC      lib/clz_tab.o
  CC      drivers/clk/qcom/mdss/mdss-dp-pll-14nm.o
  CC      drivers/clk/qcom/mdss/mdss-hdmi-pll-28lpm.o
  AR      techpack/audio/asoc/machine_dlkm.o
  CC      lib/cmdline.o
  CC      net/core/netevent.o
  AR      techpack/audio/asoc/built-in.o
  CC      net/core/neighbour.o
  CC      lib/cpumask.o
  CC      net/core/rtnetlink.o
  CC      fs/notify/mark.o
  CC      techpack/audio/dsp/usfcdev.o
  CC      lib/ctype.o
  CC      drivers/clk/qcom/mdss/mdss-dsi-pll-12nm.o
  CC      net/core/utils.o
  CC      lib/dec_and_lock.o
  CC      net/core/link_watch.o
  CC      lib/decompress.o
  CC      fs/notify/fdinfo.o
  CC      lib/decompress_bunzip2.o
  CC      drivers/clk/qcom/mdss/mdss-dsi-pll-12nm-util.o
  CC      techpack/audio/dsp/q6usm.o
  CC      fs/notify/dnotify/dnotify.o
  CC      lib/decompress_inflate.o
  CC      lib/decompress_unlz4.o
  AR      drivers/clk/qcom/mdss/built-in.o
  AR      drivers/clk/qcom/built-in.o
  AR      drivers/clk/ti/built-in.o
  AR      drivers/clk/built-in.o
  AR      fs/notify/fanotify/built-in.o
  CC      net/core/sock_diag.o
  CC      fs/notify/inotify/inotify_fsnotify.o
  CC      techpack/audio/dsp/adsp-loader.o
  CC      drivers/clocksource/timer-of.o
  CC      drivers/clocksource/timer-probe.o
  AR      fs/notify/dnotify/built-in.o
  CC      lib/decompress_unlzma.o
  CC      fs/notify/inotify/inotify_user.o
  CC      techpack/audio/dsp/audio_pdr.o
  CC      lib/dump_stack.o
  CC      net/core/dev_ioctl.o
  CC      drivers/clocksource/dummy_timer.o
  CC      techpack/stub/stub.o
  CC      drivers/cpufreq/cpufreq.o
  AR      techpack/stub/built-in.o
  CC      techpack/audio/dsp/audio_notifier.o
  CC      net/ethernet/eth.o
  CC      techpack/audio/dsp/audio_ssr.o
  AR      fs/notify/inotify/built-in.o
  AR      fs/notify/built-in.o
  CC      lib/earlycpio.o
  AR      drivers/clocksource/built-in.o
  AR      techpack/audio/dsp/q6_dlkm.o
  CC      lib/extable.o
  CC      lib/fdt.o
  CC      net/core/tso.o
  AR      techpack/audio/dsp/usf_dlkm.o
  AR      techpack/audio/dsp/adsp_loader_dlkm.o
  CC      drivers/cpufreq/freq_table.o
  CC      drivers/cpuidle/cpuidle.o
  AR      techpack/audio/dsp/q6_pdr_dlkm.o
  CC      fs/proc/task_mmu.o
  CC      lib/fdt_empty_tree.o
  AR      techpack/audio/dsp/q6_notifier_dlkm.o
  CC      drivers/cpufreq/cpufreq_performance.o
  CC      lib/fdt_ro.o
  AR      net/ethernet/built-in.o
  AR      techpack/audio/dsp/built-in.o
  CC      lib/fdt_rw.o
  CC      net/core/sock_reuseport.o
  AR      techpack/audio/built-in.o
  AR      techpack/built-in.o
  CC      net/core/fib_notifier.o
  CC      lib/fdt_strerror.o
  CC      fs/proc/inode.o
  CC      drivers/cpufreq/cpufreq_governor_attr_set.o
  CC      drivers/cpuidle/driver.o
  CC      lib/fdt_sw.o
  CC      lib/fdt_wip.o
  CC      fs/proc/root.o
  AR      drivers/cpufreq/built-in.o
  CC      fs/proc/base.o
  CC      fs/proc/generic.o
  CC      lib/flex_proportions.o
  CC      fs/proc/array.o
  CC      net/core/net-sysfs.o
  CC      drivers/cpuidle/governor.o
  CC      fs/quota/dquot.o
  CC      lib/idr.o
  CC      fs/proc/fd.o
  CC      drivers/cpuidle/sysfs.o
  CC      lib/int_sqrt.o
  CC      fs/quota/quota_v2.o
  CC      fs/quota/quota_tree.o
  CC      lib/ioremap.o
  CC      fs/proc/proc_tty.o
  CC      fs/quota/quota.o
  CC      lib/irq_regs.o
  CC      drivers/cpuidle/governors/menu.o
  CC      net/core/net-procfs.o
  CC      fs/proc/cmdline.o
  CC      drivers/cpuidle/governors/teo.o
  CC      fs/proc/consoles.o
  CC      lib/is_single_threaded.o
  CC      fs/quota/kqid.o
  CC      lib/klist.o
  CC      fs/proc/cpuinfo.o
  CC      lib/kobject.o
  AR      drivers/cpuidle/governors/built-in.o
  CC      drivers/cpuidle/lpm-levels.o
  CC      net/core/fib_rules.o
  CC      fs/quota/netlink.o
  CC      lib/kobject_uevent.o
  CC      lib/nmi_backtrace.o
  CC      fs/proc/devices.o
  CC      lib/nodemask.o
  CC      lib/plist.o
  CC      drivers/cpuidle/lpm-levels-of.o
  CC      lib/radix-tree.o
  CC      fs/proc/interrupts.o
  AR      fs/quota/built-in.o
  CC      net/core/net-traces.o
  CC      lib/ratelimit.o
  CC      net/core/netprio_cgroup.o
  CC      lib/rbtree.o
  AR      drivers/cpuidle/built-in.o
  CC      drivers/crypto/msm/qce50.o
  CC      fs/ramfs/inode.o
  CC      drivers/crypto/msm/qcedev_smmu.o
  CC      fs/proc/loadavg.o
  CC      drivers/crypto/msm/qcedev.o
  CC      lib/seq_buf.o
  CC      lib/sha1.o
  CC      fs/ramfs/file-mmu.o
  CC      lib/show_mem.o
  CC      fs/proc/meminfo.o
  CC      fs/sdcardfs/dentry.o
  CC      fs/sdcardfs/file.o
  CC      lib/siphash.o
  AR      fs/ramfs/ramfs.o
  AR      fs/ramfs/built-in.o
  CC      net/core/sockev_nlmcast.o
  CC      fs/proc/stat.o
  CC      lib/string.o
  CC      fs/proc/uptime.o
  CC      drivers/dax/super.o
  CC      fs/sdcardfs/inode.o
  CC      drivers/crypto/msm/qcrypto.o
  CC      lib/timerqueue.o
  CC      net/ipv4/route.o
  CC      fs/proc/version.o
  CC      lib/vsprintf.o
  AR      drivers/dax/dax.o
  CC      fs/sdcardfs/main.o
  AR      drivers/dax/built-in.o
  CC      net/core/dst_cache.o
  CC      net/ipv6/af_inet6.o
  CC      fs/proc/softirqs.o
  CC      net/key/af_key.o
  CC      fs/sdcardfs/super.o
  CC      fs/proc/namespaces.o
  CC      drivers/crypto/msm/ice.o
  CC      net/core/gro_cells.o
  CC      lib/win_minmax.o
  CC      net/ipv6/anycast.o
  CC      fs/sdcardfs/lookup.o
  CC      net/ipv4/inetpeer.o
  CC      fs/proc/self.o
  GEN     lib/crc32table.h
  CC      lib/oid_registry.o
  AR      drivers/crypto/msm/qcedevice.o
  AR      drivers/crypto/msm/built-in.o
  AR      net/key/built-in.o
  AR      net/core/built-in.o
  CC      net/ipv6/ip6_input.o
  AR      drivers/crypto/built-in.o
  CC      net/l2tp/l2tp_core.o
  CC      fs/sdcardfs/mmap.o
  CC      fs/proc/thread_self.o
  AR      lib/lib.a
  CC      drivers/devfreq/devfreq.o
  CC      lib/crc32.o
  CC      net/ipv4/protocol.o
  CC      fs/proc/uid.o
  CC      fs/sdfat/sdfat.o
  CC      fs/sdcardfs/packagelist.o
  EXPORTS lib/lib-ksyms.o
  CC      drivers/devfreq/governor_simpleondemand.o
  CC      fs/proc/proc_sysctl.o
  CC      net/ipv6/addrconf.o
  CC      net/l2tp/l2tp_ip.o
  CC      drivers/devfreq/governor_performance.o
  CC      net/ipv4/ip_input.o
  CC      fs/sdfat/core.o
lib/nmi_backtrace.o: no symbols
  CC      drivers/devfreq/governor_powersave.o
  CC      fs/proc/proc_net.o
  AR      lib/built-in.o
  CC      fs/sdfat/core_fat.o
  CC      net/l2tp/l2tp_netlink.o
  CC      drivers/devfreq/governor_userspace.o
  CC      net/ipv4/ip_fragment.o
  CC      fs/sdcardfs/derived_perm.o
  CC      net/ipv4/ip_forward.o
  CC      fs/proc/kmsg.o
  CC      net/ipv6/addrlabel.o
  CC      fs/sdfat/core_exfat.o
  CC      drivers/devfreq/governor_passive.o
  AR      fs/sdcardfs/sdcardfs.o
  AR      fs/sdcardfs/built-in.o
  CC      drivers/devfreq/governor_msm_adreno_tz.o
  CC      net/l2tp/l2tp_eth.o
  CC      fs/proc/page.o
  CC      net/ipv4/ip_options.o
  CC      net/ipv6/route.o
  CC      drivers/devfreq/governor_bw_vbif.o
  CC      fs/sdfat/api.o
  CC      net/ipv6/ip6_fib.o
  CC      fs/sdfat/blkdev.o
  AR      fs/proc/proc.o
  CC      drivers/devfreq/governor_gpubw_mon.o
  AR      fs/proc/built-in.o
  CC      net/ipv4/ip_output.o
  CC      net/ipv4/ip_sockglue.o
  CC      net/l2tp/l2tp_ip6.o
  CC      drivers/devfreq/arm-memlat-mon.o
  CC      fs/sdfat/fatent.o
  CC      net/ipv4/inet_hashtables.o
  CC      net/ipv6/ipv6_sockglue.o
  CC      net/ipv4/inet_timewait_sock.o
  CC      drivers/devfreq/msmcci-hwmon.o
  CC      net/ipv6/ndisc.o
  CC      fs/sdfat/amap_smart.o
  AR      net/l2tp/built-in.o
  CC      net/ipv6/udplite.o
  CC      drivers/dma/dmaengine.o
  CC      fs/sdfat/cache.o
  CC      drivers/dma/virt-dma.o
  CC      net/ipv4/tcp.o
  CC      drivers/devfreq/m4m-hwmon.o
  CC      drivers/devfreq/governor_bw_hwmon.o
  CC      net/ipv6/raw.o
  CC      drivers/dma/of-dma.o
  CC      fs/sdfat/dfr.o
  CC      net/ipv6/icmp.o
  CC      net/ipv6/mcast.o
  CC      fs/sysfs/file.o
  CC      drivers/dma/qcom/gpi.o
  CC      net/llc/llc_core.o
  CC      fs/sdfat/nls.o
  CC      drivers/devfreq/governor_cache_hwmon.o
  CC      fs/sysfs/dir.o
  CC      net/ipv4/tcp_input.o
  CC      fs/sdfat/misc.o
  CC      fs/sysfs/symlink.o
  CC      net/llc/llc_input.o
  CC      drivers/devfreq/governor_memlat.o
  AR      drivers/dma/qcom/built-in.o
  CC      fs/sysfs/mount.o
  AR      drivers/dma/xilinx/built-in.o
  AR      drivers/dma/built-in.o
  CC      net/ipv6/reassembly.o
  CC      net/ipv4/tcp_output.o
  CC      fs/sdfat/mpage.o
  CC      net/ipv6/tcp_ipv6.o
  CC      fs/sysfs/group.o
  CC      net/llc/llc_output.o
  CC      drivers/devfreq/governor_cdsp_l3.o
  AR      fs/sysfs/built-in.o
  CC      net/ipv4/tcp_timer.o
  CC      fs/sdfat/extent.o
  CC      drivers/devfreq/devfreq_devbw.o
  CC      drivers/devfreq/devfreq_simple_dev.o
  AR      net/llc/llc.o
  AR      net/llc/built-in.o
  CC      net/ipv6/ping.o
  CC      fs/sdfat/xattr.o
  CC      net/netlabel/netlabel_user.o
  CC      net/ipv6/exthdrs.o
  CC      net/ipv4/tcp_ipv4.o
  CC      net/netlabel/netlabel_kapi.o
  CC      drivers/devfreq/devfreq_boost.o
  CC      fs/sdfat/statistics.o
  CC      net/netfilter/core.o
  AR      drivers/devfreq/built-in.o
  CC      net/ipv6/datagram.o
  CC      net/ipv4/tcp_minisocks.o
  CC      drivers/dma-buf/dma-buf.o
  CC      net/netlabel/netlabel_domainhash.o
  AR      fs/sdfat/sdfat_fs.o
  CC      net/ipv4/tcp_cong.o
  CC      net/ipv6/ip6_flowlabel.o
  AR      fs/sdfat/built-in.o
  CC      fs/tracefs/inode.o
  CC      net/netfilter/nf_log.o
  CC      net/netfilter/nf_queue.o
  CC      drivers/dma-buf/dma-fence.o
  AR      fs/tracefs/tracefs.o
  AR      fs/tracefs/built-in.o
  CC      net/netfilter/nf_sockopt.o
  CC      fs/verity/enable.o
  CC      net/ipv6/inet6_connection_sock.o
  CC      net/ipv4/tcp_metrics.o
  CC      net/netlabel/netlabel_addrlist.o
  CC      net/ipv6/udp_offload.o
  CC      drivers/dma-buf/dma-fence-array.o
  CC      net/ipv6/seg6.o
  CC      drivers/dma-buf/reservation.o
  CC      fs/verity/hash_algs.o
  CC      net/netfilter/nfnetlink.o
  CC      net/ipv4/tcp_fastopen.o
  CC      net/netlabel/netlabel_mgmt.o
  CC      net/ipv4/tcp_rate.o
  CC      fs/verity/init.o
  CC      drivers/dma-buf/seqno-fence.o
  CC      fs/eventpoll.o
  CC      net/ipv6/fib6_notifier.o
  CC      fs/verity/measure.o
  CC      net/netfilter/nfnetlink_queue.o
  CC      drivers/dma-buf/sync_file.o
  CC      fs/verity/open.o
  CC      net/netlabel/netlabel_unlabeled.o
  CC      net/netfilter/nf_conntrack_core.o
  CC      net/ipv4/tcp_recovery.o
  CC      net/ipv6/sysctl_net_ipv6.o
  AR      drivers/dma-buf/built-in.o
  CC      fs/verity/verify.o
  CC      drivers/extcon/devres.o
  AR      drivers/firewire/built-in.o
  CC      fs/verity/signature.o
  CC      drivers/extcon/extcon-usb-gpio.o
  CC      net/ipv6/xfrm6_policy.o
  CC      net/netlink/af_netlink.o
  CC      net/ipv4/tcp_ulp.o
  CC      net/netlabel/netlabel_cipso_v4.o
  CC      net/ipv4/tcp_offload.o
  AR      fs/verity/built-in.o
  CC      fs/anon_inodes.o
  AR      drivers/extcon/extcon-core.o
  AR      drivers/extcon/built-in.o
  CC      drivers/firmware/psci.o
  CC      net/netfilter/nf_conntrack_standalone.o
  CC      fs/signalfd.o
  CC      net/ipv6/xfrm6_state.o
  CC      drivers/gpio/devres.o
  CC      net/netlink/genetlink.o
  CC      net/netlabel/netlabel_calipso.o
  CC      fs/timerfd.o
  CC      net/ipv4/datagram.o
  CC      drivers/gpio/gpiolib.o
  CC      drivers/firmware/qcom_scm.o
  CC      net/netfilter/nf_conntrack_expect.o
  CC      net/ipv6/xfrm6_input.o
  AR      net/netlabel/built-in.o
  CC      drivers/gpio/gpiolib-legacy.o
  CC      fs/eventfd.o
  AR      net/netlink/built-in.o
  CC      net/netfilter/nf_conntrack_helper.o
  CC      net/ipv4/raw.o
  CC      drivers/firmware/qcom_scm-64.o
  CC      fs/aio.o
  CC      net/netfilter/nf_conntrack_proto.o
  CC      drivers/gpio/gpiolib-devprop.o
  AR      drivers/firmware/broadcom/built-in.o
  CC      drivers/gpio/gpiolib-of.o
  AR      drivers/firmware/meson/built-in.o
  AR      drivers/firmware/tegra/built-in.o
  AR      drivers/firmware/built-in.o
  CC      net/ipv6/xfrm6_output.o
  CC      drivers/gpio/gpiolib-sysfs.o
  CC      net/ipv4/udplite.o
  CC      fs/locks.o
  CC      net/ipv6/xfrm6_protocol.o
  CC      net/netfilter/nf_conntrack_l3proto_generic.o
  AR      drivers/gpio/built-in.o
  CC      drivers/gpu/vga/vgaarb.o
  CC      drivers/gpu/drm/drm_crtc_helper.o
  CC      net/ipv4/udp_offload.o
  CC      drivers/gpu/drm/drm_dp_helper.o
  CC      drivers/gpu/msm/kgsl.o
  CC      fs/compat.o
  AR      drivers/gpu/vga/built-in.o
  CC      net/ipv6/netfilter.o
  CC      net/netfilter/nf_conntrack_proto_generic.o
  CC      net/packet/af_packet.o
  CC      net/netfilter/nf_conntrack_proto_tcp.o
  CC      net/ipv4/arp.o
  CC      fs/compat_ioctl.o
  CC      drivers/gpu/drm/drm_probe_helper.o
  CC      drivers/gpu/msm/kgsl_trace.o
  CC      drivers/gpu/drm/drm_plane_helper.o
  CC      net/ipv6/fib6_rules.o
  CC      net/netfilter/nf_conntrack_proto_udp.o
  CC      fs/binfmt_script.o
  AR      net/packet/built-in.o
  CC      net/ipv4/icmp.o
  CC      drivers/gpu/msm/kgsl_drawobj.o
  CC      net/netfilter/nf_conntrack_extend.o
  CC      net/ipv6/proc.o
  CC      drivers/gpu/drm/drm_dp_mst_topology.o
  CC      fs/binfmt_elf.o
  CC      drivers/gpu/drm/drm_atomic_helper.o
  CC      net/ipv4/devinet.o
  CC      net/netfilter/nf_conntrack_acct.o
  CC      fs/compat_binfmt_elf.o
  CC      net/ipv6/syncookies.o
  CC      drivers/gpu/msm/kgsl_ioctl.o
  CC      net/ipv4/af_inet.o
  CC      net/ipv4/igmp.o
  CC      drivers/gpu/drm/drm_kms_helper_common.o
  CC      drivers/gpu/msm/kgsl_sharedmem.o
  CC      drivers/gpu/drm/drm_dp_dual_mode_helper.o
  CC      fs/mbcache.o
  CC      fs/posix_acl.o
  CC      net/netfilter/nf_conntrack_seqadj.o
  CC      net/ipv6/calipso.o
  CC      drivers/gpu/msm/kgsl_pwrctrl.o
  CC      net/ipv4/fib_frontend.o
  CC      fs/coredump.o
  CC      drivers/gpu/drm/drm_simple_kms_helper.o
  CC      drivers/gpu/drm/drm_modeset_helper.o
  CC      net/ipv6/ah6.o
  CC      net/qrtr/qrtr.o
  CC      fs/drop_caches.o
  CC      drivers/gpu/drm/drm_scdc_helper.o
  CC      drivers/gpu/msm/kgsl_pwrscale.o
  CC      net/ipv4/fib_semantics.o
  CC      net/netfilter/nf_conntrack_ecache.o
  CC      drivers/gpu/drm/drm_gem_framebuffer_helper.o
  AR      fs/built-in.o
  CC      net/qrtr/smd.o
  CC      net/ipv6/esp6.o
  CC      drivers/hid/hid-core.o
  CC      drivers/gpu/msm/kgsl_mmu.o
  CC      drivers/hwmon/hwmon.o
  CC      net/ipv4/fib_trie.o
  CC      net/qrtr/mhi.o
  CC      net/netfilter/nf_conntrack_proto_dccp.o
  CC      drivers/gpu/drm/bridge/panel.o
  CC      drivers/gpu/msm/kgsl_snapshot.o
  CC      drivers/hid/hid-input.o
  AR      drivers/hwmon/built-in.o
  CC      drivers/hid/hid-debug.o
  CC      net/ipv6/ipcomp6.o
  CC      drivers/gpu/drm/drm_auth.o
  CC      drivers/gpu/msm/kgsl_events.o
  CC      drivers/gpu/drm/drm_bufs.o
  CC      net/netfilter/nf_conntrack_proto_sctp.o
  CC      net/qrtr/fifo.o
  CC      drivers/hid/uhid.o
  CC      net/ipv4/fib_notifier.o
  CC      drivers/hid/hid-generic.o
  CC      drivers/gpu/msm/kgsl_pool.o
  AR      net/qrtr/qrtr-smd.o
  CC      drivers/gpu/drm/drm_cache.o
  AR      net/qrtr/qrtr-mhi.o
  CC      net/ipv6/xfrm6_tunnel.o
  AR      net/qrtr/qrtr-fifo.o
  CC      net/netfilter/nf_conntrack_proto_gre.o
  AR      net/qrtr/built-in.o
  CC      drivers/hid/hid-apple.o
  CC      net/rfkill/core.o
  CC      drivers/hwspinlock/hwspinlock_core.o
  CC      net/ipv4/inet_fragment.o
  CC      drivers/gpu/msm/kgsl_gmu_core.o
  CC      drivers/gpu/drm/drm_context.o
  CC      drivers/hid/hid-elecom.o
  CC      drivers/hwspinlock/qcom_hwspinlock.o
  AR      net/rfkill/rfkill.o
  AR      net/rfkill/built-in.o
  CC      net/ipv4/ping.o
  CC      net/ipv6/tunnel6.o
  CC      drivers/hid/hid-magicmouse.o
  CC      net/netfilter/nf_conntrack_netlink.o
  CC      drivers/gpu/drm/drm_dma.o
  CC      net/ipv4/ip_tunnel_core.o
  CC      drivers/gpu/msm/kgsl_gmu.o
  AR      drivers/hwspinlock/built-in.o
  CC      drivers/hid/hid-microsoft.o
  AR      drivers/hwtracing/intel_th/built-in.o
  CC      drivers/gpu/msm/kgsl_rgmu.o
  CC      drivers/gpu/drm/drm_file.o
  CC      net/ipv6/xfrm6_mode_transport.o
  CC      net/ipv4/gre_offload.o
  CC      drivers/hid/hid-multitouch.o
  CC      drivers/i2c/i2c-boardinfo.o
  CC      drivers/gpu/drm/drm_gem.o
  CC      drivers/gpu/msm/kgsl_hfi.o
  CC      drivers/i2c/i2c-core-base.o
  CC      net/netfilter/nf_conntrack_amanda.o
  CC      net/ipv6/xfrm6_mode_tunnel.o
  AR      drivers/idle/built-in.o
  CC      drivers/gpu/msm/kgsl_iommu.o
  CC      net/ipv4/ip_tunnel.o
  CC      drivers/hid/hid-nintendo.o
  CC      drivers/hid/hid-plantronics.o
  CC      drivers/gpu/drm/drm_ioctl.o
  CC      drivers/hid/hid-playstation.o
  CC      drivers/gpu/drm/drm_irq.o
  CC      net/netfilter/nf_conntrack_ftp.o
  CC      drivers/gpu/msm/kgsl_debugfs.o
  CC      drivers/i2c/i2c-core-smbus.o
  CC      net/ipv6/xfrm6_mode_beet.o
  CC      net/ipv4/sysctl_net_ipv4.o
  CC      drivers/hid/hid-sony.o
  CC      drivers/gpu/drm/drm_lock.o
  CC      drivers/gpu/msm/kgsl_sync.o
  CC      net/netfilter/nf_conntrack_h323_main.o
  CC      drivers/iio/industrialio-core.o
  CC      drivers/i2c/i2c-core-of.o
  CC      drivers/hid/usbhid/hid-core.o
  CC      net/ipv6/mip6.o
  CC      drivers/gpu/drm/drm_memory.o
  CC      drivers/gpu/msm/kgsl_compat.o
  CC      drivers/i2c/i2c-dev.o
  CC      drivers/gpu/drm/drm_drv.o
  CC      net/ipv4/proc.o
  CC      drivers/hid/usbhid/hid-quirks.o
  CC      drivers/iio/industrialio-event.o
  CC      drivers/gpu/msm/adreno_ioctl.o
  CC      net/netfilter/nf_conntrack_h323_asn1.o
  CC      drivers/i2c/i2c-mux.o
  CC      drivers/hid/usbhid/hiddev.o
  CC      drivers/gpu/drm/drm_scatter.o
  CC      drivers/iio/inkern.o
  CC      net/ipv6/netfilter/ip6_tables.o
  CC      net/netfilter/nf_conntrack_broadcast.o
  CC      drivers/gpu/msm/adreno_ringbuffer.o
  AR      drivers/iio/accel/built-in.o
  AR      drivers/hid/usbhid/usbhid.o
  CC      net/ipv4/fib_rules.o
  AR      drivers/hid/usbhid/built-in.o
  CC      drivers/iio/adc/qcom-vadc-common.o
  CC      drivers/hid/hid-qvr.o
  CC      drivers/i2c/algos/i2c-algo-bit.o
  CC      drivers/gpu/drm/drm_pci.o
  CC      net/netfilter/nf_conntrack_netbios_ns.o
  CC      drivers/iio/adc/qcom-spmi-adc5.o
  CC      drivers/hid/hid-trace.o
  AR      drivers/i2c/algos/built-in.o
  CC      drivers/gpu/msm/adreno_drawctxt.o
  CC      drivers/i2c/busses/i2c-qcom-geni.o
  CC      net/ipv4/gre_demux.o
  CC      net/ipv6/netfilter/ip6table_filter.o
  AR      drivers/hid/hid.o
  CC      drivers/gpu/drm/drm_sysfs.o
  CC      net/netfilter/nf_conntrack_pptp.o
  AR      drivers/hid/built-in.o
  CC      drivers/gpu/drm/drm_hashtab.o
  AR      drivers/iio/adc/built-in.o
  AR      drivers/i2c/busses/built-in.o
  CC      drivers/gpu/msm/adreno_dispatch.o
  AR      drivers/iio/amplifiers/built-in.o
  AR      drivers/i2c/muxes/built-in.o
  AR      drivers/i2c/i2c-core.o
  AR      drivers/iio/buffer/built-in.o
  AR      drivers/i2c/built-in.o
  AR      drivers/iio/chemical/built-in.o
  CC      drivers/input/serio/serio.o
  CC      drivers/input/input.o
  CC      drivers/gpu/drm/drm_mm.o
  AR      drivers/iio/common/cros_ec_sensors/built-in.o
  CC      net/ipv4/udp_tunnel.o
  CC      net/ipv6/netfilter/ip6table_mangle.o
  AR      drivers/iio/common/hid-sensors/built-in.o
  AR      drivers/iio/common/ms_sensors/built-in.o
  CC      net/netfilter/nf_conntrack_sane.o
  CC      drivers/input/serio/libps2.o
  AR      drivers/iio/common/ssp_sensors/built-in.o
  AR      drivers/iio/common/st_sensors/built-in.o
  AR      drivers/iio/common/built-in.o
  CC      drivers/gpu/msm/adreno_snapshot.o
  AR      drivers/iio/counter/built-in.o
  CC      drivers/input/input-compat.o
  AR      drivers/iio/dac/built-in.o
  AR      drivers/iio/dummy/built-in.o
  AR      drivers/input/serio/built-in.o
  CC      net/ipv6/netfilter/ip6table_raw.o
  AR      drivers/iio/frequency/built-in.o
  AR      drivers/iio/gyro/built-in.o
  CC      drivers/input/input-mt.o
  CC      drivers/gpu/drm/drm_crtc.o
  AR      drivers/iio/health/built-in.o
  AR      drivers/iio/humidity/built-in.o
  CC      net/ipv4/ip_vti.o
  CC      net/netfilter/nf_conntrack_tftp.o
  CC      net/ipv4/syncookies.o
  AR      drivers/iio/imu/bmi160/built-in.o
  CC      drivers/gpu/msm/adreno_coresight.o
  CC      drivers/input/ff-core.o
  AR      drivers/iio/imu/inv_mpu/inv_test/built-in.o
  AR      drivers/iio/imu/inv_mpu/built-in.o
  AR      drivers/iio/imu/inv_mpu6050/built-in.o
  AR      drivers/iio/imu/st_asm330lhh/built-in.o
  CC      drivers/gpu/drm/drm_fourcc.o
  AR      drivers/iio/imu/st_lsm6dsx/built-in.o
  AR      drivers/iio/imu/built-in.o
  CC      drivers/input/ff-memless.o
  AR      drivers/iio/light/built-in.o
  CC      drivers/gpu/msm/adreno_trace.o
  AR      drivers/iio/magnetometer/built-in.o
  CC      net/ipv6/netfilter/nf_conntrack_l3proto_ipv6.o
  AR      drivers/iio/multiplexer/built-in.o
  AR      drivers/iio/orientation/built-in.o
  AR      drivers/iio/potentiometer/built-in.o
  CC      net/ipv6/netfilter/nf_conntrack_proto_icmpv6.o
  CC      net/ipv4/ah4.o
  AR      drivers/iio/potentiostat/built-in.o
  AR      drivers/iio/pressure/built-in.o
  CC      net/netfilter/nf_nat_core.o
  CC      drivers/gpu/drm/drm_modes.o
  CC      drivers/input/input-leds.o
  AR      drivers/iio/proximity/built-in.o
  AR      drivers/iio/temperature/built-in.o
  AR      drivers/iio/trigger/built-in.o
  AR      drivers/iio/industrialio.o
  AR      drivers/iio/built-in.o
  CC      drivers/gpu/drm/drm_edid.o
  CC      net/ipv6/netfilter/nf_defrag_ipv6_hooks.o
  CC      drivers/gpu/msm/adreno_a3xx.o
  CC      drivers/input/evdev.o
  CC      net/ipv4/esp4.o
  CC      net/netfilter/nf_nat_proto_unknown.o
  CC      net/sched/sch_generic.o
  CC      drivers/input/joystick/xpad.o
  CC      drivers/iommu/iommu.o
  CC      net/ipv6/netfilter/nf_conntrack_reasm.o
  CC      drivers/gpu/msm/adreno_a4xx.o
  CC      drivers/gpu/drm/drm_info.o
  CC      net/netfilter/nf_nat_proto_common.o
  CC      net/ipv4/ipcomp.o
  AR      drivers/input/joystick/built-in.o
  CC      net/sched/sch_mq.o
  CC      drivers/input/keyboard/atkbd.o
  CC      drivers/iommu/iommu-traces.o
  CC      drivers/gpu/msm/adreno_a5xx.o
  CC      net/ipv6/netfilter/nf_socket_ipv6.o
  CC      drivers/gpu/drm/drm_encoder_slave.o
  CC      drivers/input/keyboard/gpio_keys.o
  CC      net/netfilter/nf_nat_proto_udp.o
  CC      drivers/iommu/iommu-sysfs.o
  CC      net/sched/sch_api.o
  CC      net/ipv4/xfrm4_tunnel.o
  AR      drivers/input/keyboard/built-in.o
  CC      drivers/gpu/drm/drm_trace_points.o
  CC      drivers/input/misc/xiaomi_keyboard/xiaomi_keyboard.o
  CC      drivers/iommu/dma-iommu.o
  CC      net/ipv6/netfilter/nf_reject_ipv6.o
  CC      drivers/gpu/msm/adreno_a6xx.o
  CC      net/netfilter/nf_nat_proto_tcp.o
  CC      net/sched/sch_blackhole.o
  CC      drivers/iommu/msm_dma_iommu_mapping.o
  CC      net/ipv4/xfrm4_mode_beet.o
../drivers/input/misc/xiaomi_keyboard/xiaomi_keyboard.c:740:1: warning: unused label 'err_destroy_workqueue' [-Wunused-label]
  740 | err_destroy_workqueue:
      | ^~~~~~~~~~~~~~~~~~~~~~
  CC      drivers/gpu/drm/drm_global.o
  CC      net/ipv6/netfilter/nf_dup_ipv6.o
1 warning generated.
  AR      drivers/input/misc/xiaomi_keyboard/built-in.o
  CC      drivers/input/misc/hbtp_input.o
  CC      drivers/gpu/drm/drm_prime.o
  CC      net/sched/cls_api.o
  CC      drivers/iommu/io-pgtable.o
  CC      net/netfilter/nf_nat_helper.o
  CC      drivers/gpu/msm/adreno_a3xx_snapshot.o
  CC      net/ipv4/tunnel4.o
  CC      drivers/gpu/drm/drm_rect.o
  CC      net/ipv6/netfilter/ip6t_rpfilter.o
  CC      drivers/input/misc/qpnp-power-on.o
  CC      net/sched/act_api.o
  CC      drivers/iommu/io-pgtable-arm.o
  CC      drivers/gpu/msm/adreno_a4xx_snapshot.o
  CC      net/ipv4/xfrm4_mode_transport.o
  CC      net/netfilter/nf_nat_proto_dccp.o
  CC      drivers/gpu/drm/drm_vma_manager.o
  CC      drivers/gpu/msm/adreno_a5xx_snapshot.o
  CC      drivers/input/misc/qti-haptics.o
  CC      net/sched/act_gact.o
  CC      net/ipv6/netfilter/ip6t_REJECT.o
  CC      drivers/gpu/drm/drm_flip_work.o
  CC      drivers/iommu/iova.o
  CC      net/ipv4/xfrm4_mode_tunnel.o
  CC      drivers/gpu/msm/adreno_a6xx_snapshot.o
  CC      drivers/input/misc/uinput.o
  CC      net/netfilter/nf_nat_proto_sctp.o
  CC      net/sched/act_mirred.o
  AR      net/ipv6/netfilter/nf_conntrack_ipv6.o
  AR      net/ipv6/netfilter/nf_defrag_ipv6.o
  AR      net/ipv6/netfilter/built-in.o
  CC      net/ipv6/ip6_vti.o
  AR      drivers/input/misc/built-in.o
  CC      drivers/gpu/drm/drm_modeset_lock.o
  CC      drivers/gpu/msm/adreno_a4xx_preempt.o
  CC      drivers/iommu/io-pgtable-fast.o
  CC      net/sched/act_skbedit.o
  CC      drivers/input/touchscreen/of_touchscreen.o
  CC      net/ipv4/ipconfig.o
  CC      net/netfilter/nf_nat_redirect.o
  CC      drivers/iommu/dma-mapping-fast.o
  CC      drivers/gpu/drm/drm_atomic.o
  CC      net/sched/sch_fifo.o
  CC      drivers/input/touchscreen/nt36523/nt36xxx.o
  CC      drivers/gpu/msm/adreno_a5xx_preempt.o
  CC      net/ipv6/sit.o
  CC      net/netfilter/nf_nat_amanda.o
  CC      net/ipv4/netfilter.o
  CC      drivers/iommu/of_iommu.o
  CC      net/sched/sch_fq_codel.o
  CC      drivers/gpu/msm/adreno_a6xx_preempt.o
  CC      drivers/gpu/drm/drm_bridge.o
  CC      drivers/input/touchscreen/nt36523/nt36xxx_fw_update.o
  CC      drivers/iommu/arm-smmu.o
  CC      net/netfilter/nf_nat_ftp.o
  CC      net/ipv4/netfilter/nf_conntrack_l3proto_ipv4.o
  CC      net/ipv6/ip6_tunnel.o
  CC      drivers/input/touchscreen/nt36523/nt36xxx_ext_proc.o
  CC      drivers/gpu/drm/drm_framebuffer.o
  CC      drivers/gpu/msm/adreno_a6xx_gmu.o
  CC      net/sched/cls_u32.o
  CC      net/netfilter/nf_nat_irc.o
  CC      net/ipv4/netfilter/nf_conntrack_proto_icmp.o
  CC      drivers/input/touchscreen/nt36523/nt36xxx_mp_ctrlram.o
  CC      net/ipv6/addrconf_core.o
  CC      drivers/iommu/arm-smmu-errata.o
  CC      drivers/gpu/drm/drm_connector.o
  CC      net/sched/cls_fw.o
  CC      drivers/gpu/msm/adreno_a6xx_rgmu.o
  CC      net/netfilter/nf_nat_tftp.o
  CC      drivers/iommu/arm-smmu-debug.o
  CC      net/ipv4/netfilter/nf_nat_l3proto_ipv4.o
  CC      net/ipv6/exthdrs_core.o
  AR      drivers/input/touchscreen/nt36523/nt36523_touch.o
  AR      drivers/input/touchscreen/nt36523/built-in.o
  CC      drivers/gpu/drm/drm_blend.o
  CC      net/sched/cls_flow.o
  CC      drivers/input/touchscreen/xiaomi/xiaomi_touch.o
  AR      drivers/iommu/built-in.o
  CC      net/ipv6/ip6_checksum.o
  CC      drivers/gpu/msm/adreno_sysfs.o
  CC      drivers/gpu/drm/drm_encoder.o
  CC      net/netfilter/nf_tables_core.o
  CC      net/ipv4/netfilter/nf_nat_proto_icmp.o
  CC      net/sched/cls_bpf.o
  AR      drivers/input/touchscreen/xiaomi/built-in.o
  AR      drivers/input/touchscreen/built-in.o
  AR      drivers/input/input-core.o
  AR      drivers/input/built-in.o
  CC      net/ipv4/netfilter/nf_defrag_ipv4.o
  CC      drivers/gpu/msm/adreno.o
  CC      drivers/gpu/drm/drm_mode_object.o
  CC      net/ipv6/ip6_icmp.o
  CC      net/ipv6/output_core.o
  CC      net/netfilter/nf_tables_api.o
  CC      net/sched/ematch.o
  CC      drivers/irqchip/irqchip.o
  CC      drivers/gpu/drm/drm_property.o
  CC      net/ipv4/netfilter/nf_socket_ipv4.o
  CC      net/ipv4/netfilter/nf_reject_ipv4.o
  CC      net/ipv6/protocol.o
  CC      drivers/irqchip/irq-gic.o
  CC      drivers/gpu/drm/drm_plane.o
  CC      drivers/gpu/msm/adreno_cp_parser.o
  CC      net/sched/em_cmp.o
  CC      net/ipv6/ip6_offload.o
  CC      net/netfilter/nf_tables_trace.o
-- SukiSU-Ultra version: 40900 [40900-2]
-- KERNEL_VERSION: 4.14
-- KERNEL_TYPE: Non-GKI
-- SukiSU-Ultra: using SUSFS_INLINE_HOOK
-- KPM is disabled
-- SukiSU-Ultra/compat: modern static_key_interface found

-- SUSFS_VERSION: v1.5.5
  CC      net/ipv4/netfilter/nf_nat_h323.o
  CC      drivers/gpu/drm/drm_color_mgmt.o
  CC      drivers/irqchip/irq-gic-common.o
  AR      drivers/kernelsu/built-in.o
  CC      net/sched/em_nbyte.o
  CC      drivers/gpu/msm/adreno_perfcounter.o
  CC      drivers/gpu/drm/drm_print.o
  CC      drivers/irqchip/irq-gic-v2m.o
  CC      net/netfilter/nft_immediate.o
  CC      net/ipv6/tcpv6_offload.o
  CC      drivers/gpu/msm/adreno_iommu.o
  CC      net/sched/em_u32.o
  CC      drivers/irqchip/irq-gic-v3.o
  CC      net/ipv4/netfilter/nf_nat_pptp.o
  CC      net/ipv4/netfilter/nf_nat_masquerade_ipv4.o
  CC      drivers/gpu/drm/drm_dumb_buffers.o
  CC      net/ipv6/exthdrs_offload.o
  CC      drivers/irqchip/irq-gic-v3-its.o
  CC      drivers/gpu/drm/drm_mode_config.o
  CC      net/netfilter/nft_cmp.o
  CC      drivers/irqchip/irq-gic-v3-its-pci-msi.o
  CC      net/ipv4/netfilter/nf_nat_proto_gre.o
  CC      net/sched/em_meta.o
  CC      drivers/gpu/msm/adreno_debugfs.o
  CC      drivers/gpu/drm/drm_vblank.o
  CC      net/ipv6/inet6_hashtables.o
  CC      net/ipv4/netfilter/ip_tables.o
  CC      net/netfilter/nft_range.o
  CC      net/netfilter/nft_bitwise.o
  CC      drivers/irqchip/irq-gic-v3-its-platform-msi.o
  CC      drivers/gpu/msm/adreno_profile.o
  CC      net/sched/em_text.o
  CC      drivers/irqchip/irq-gic-v4.o
  CC      net/ipv6/ip6_udp_tunnel.o
  CC      drivers/gpu/drm/drm_syncobj.o
  CC      drivers/leds/led-core.o
  CC      net/ipv4/netfilter/iptable_filter.o
  CC      net/netfilter/nft_byteorder.o
  CC      drivers/irqchip/irq-partition-percpu.o
  AR      net/sched/built-in.o
  CC      drivers/irqchip/msm_show_resume_irq.o
  CC      drivers/gpu/msm/adreno_compat.o
  CC      drivers/leds/led-class.o
  CC      drivers/leds/led-triggers.o
  CC      drivers/gpu/drm/drm_lease.o
  AR      drivers/gpu/msm/msm_kgsl_core.o
  CC      net/ipv4/netfilter/iptable_mangle.o
  CC      net/netfilter/nft_payload.o
  CC      drivers/irqchip/qcom/pdc.o
  AR      drivers/gpu/msm/msm_adreno.o
  AR      drivers/gpu/msm/built-in.o
  CC      net/ipv6/mcast_snoop.o
  CC      drivers/leds/leds-qcom-clk.o
  CC      net/sctp/sm_statetable.o
  AR      drivers/macintosh/built-in.o
  CC      drivers/irqchip/qcom/pdc-sm8150.o
  CC      drivers/leds/leds-qpnp-flash-v2.o
  CC      drivers/gpu/drm/drm_client.o
  CC      drivers/leds/leds-qpnp-haptics.o
  AR      drivers/irqchip/qcom/built-in.o
  CC      net/netfilter/nft_lookup.o
  AR      drivers/irqchip/built-in.o
  AR      net/ipv6/ipv6.o
  CC      drivers/mailbox/qcom-apcs-ipc-mailbox.o
  CC      net/ipv4/netfilter/iptable_nat.o
  AR      net/ipv6/built-in.o
  CC      drivers/mailbox/qcom-rpmh-mailbox.o
  CC      net/ipv4/netfilter/iptable_raw.o
  CC      net/sctp/sm_statefuns.o
  CC      drivers/gpu/drm/drm_client_modeset.o
  CC      drivers/leds/leds-qti-tri-led.o
  CC      net/netfilter/nft_dynset.o
  CC      drivers/gpu/drm/drm_ioc32.o
  CC      drivers/mailbox/msm_qmp.o
  CC      net/ipv4/netfilter/iptable_security.o
  CC      net/ipv4/inet_diag.o
  CC      net/netfilter/x_tables.o
  CC      net/ipv4/netfilter/ipt_ah.o
  CC      drivers/leds/trigger/ledtrig-timer.o
  AR      drivers/mailbox/built-in.o
  CC      net/ipv4/netfilter/ipt_rpfilter.o
  CC      drivers/gpu/drm/ati_pcigart.o
  AR      drivers/leds/trigger/built-in.o
  AR      drivers/leds/built-in.o
  CC      net/ipv4/netfilter/ipt_MASQUERADE.o
  CC      net/ipv4/netfilter/ipt_REJECT.o
  CC      net/ipv4/netfilter/arp_tables.o
  CC      net/sctp/sm_sideeffect.o
  CC      net/netfilter/xt_tcpudp.o
  CC      drivers/gpu/drm/drm_panel.o
  CC      net/switchdev/switchdev.o
  CC      drivers/md/dm-uevent.o
  CC      net/ipv4/netfilter/arpt_mangle.o
  CC      net/netfilter/xt_mark.o
  CC      drivers/gpu/drm/drm_of.o
  AR      drivers/media/common/b2c2/built-in.o
  CC      net/ipv4/netfilter/arptable_filter.o
  CC      drivers/md/dm.o
  AR      drivers/media/common/saa7146/built-in.o
  CC      net/sctp/protocol.o
  AR      drivers/media/common/siano/built-in.o
  AR      drivers/media/common/v4l2-tpg/built-in.o
  AR      drivers/media/common/built-in.o
  AR      net/switchdev/built-in.o
  CC      net/sctp/endpointola.o
  CC      drivers/media/dvb-core/dvbdev.o
  CC      net/netfilter/xt_connmark.o
  CC      drivers/gpu/drm/drm_debugfs.o
  CC      drivers/md/dm-table.o
  CC      drivers/media/dvb-core/dmxdev.o
  CC      net/ipv4/netfilter/nf_dup_ipv4.o
  CC      drivers/media/dvb-core/dvb_demux.o
  CC      drivers/media/dvb-frontends/dvb-pll.o
  CC      net/netfilter/xt_nat.o
  CC      net/sctp/associola.o
  CC      drivers/gpu/drm/drm_debugfs_crc.o
  CC      net/netfilter/xt_CLASSIFY.o
  CC      drivers/media/dvb-frontends/stv0299.o
  CC      drivers/md/dm-target.o
  AR      net/ipv4/netfilter/nf_conntrack_ipv4.o
  AR      net/ipv4/netfilter/nf_nat_ipv4.o
  CC      drivers/media/dvb-core/dvb_ca_en50221.o
  AR      net/ipv4/netfilter/built-in.o
  CC      net/ipv4/tcp_diag.o
  AR      drivers/media/firewire/built-in.o
  CC      drivers/media/dvb-frontends/stb0899_drv.o
  CC      drivers/gpu/drm/drm_mipi_dsi.o
  CC      net/netfilter/xt_CONNSECMARK.o
  CC      net/netfilter/xt_CT.o
  CC      drivers/media/dvb-core/dvb_frontend.o
  CC      drivers/media/dvb-frontends/stb0899_algo.o
  CC      net/sctp/transport.o
  CC      drivers/md/dm-linear.o
  AR      drivers/gpu/drm/bridge/synopsys/built-in.o
  CC      drivers/gpu/drm/bridge/lt9611.o
  CC      drivers/media/dvb-core/dvb_net.o
  CC      drivers/media/dvb-frontends/stb6100.o
  CC      net/unix/af_unix.o
  CC      net/ipv4/udp_diag.o
  CC      net/netfilter/xt_DSCP.o
  CC      net/sctp/chunk.o
  CC      drivers/md/dm-stripe.o
  CC      drivers/media/dvb-frontends/sp8870.o
  CC      drivers/media/dvb-core/dvb_ringbuffer.o
  AR      drivers/gpu/drm/bridge/built-in.o
  CC      net/netfilter/xt_NETMAP.o
  AR      drivers/gpu/drm/hisilicon/built-in.o
  CC      drivers/media/dvb-frontends/cx22700.o
  CC      net/ipv4/tcp_bbr.o
  AR      drivers/gpu/drm/i2c/built-in.o
  CC      net/unix/garbage.o
  CC      drivers/media/dvb-core/dvb_math.o
  CC      drivers/md/dm-ioctl.o
  CC      net/sctp/sm_make_chunk.o
  AR      drivers/media/dvb-core/dvb-core.o
  AR      drivers/media/dvb-core/built-in.o
  CC      net/unix/sysctl_net_unix.o
  CC      drivers/media/dvb-frontends/s5h1432.o
  CC      drivers/gpu/drm/msm/dp/dp_usbpd.o
  CC      net/netfilter/xt_NFQUEUE.o
  CC      net/ipv4/tcp_cubic.o
  CC      net/netfilter/xt_REDIRECT.o
  CC      drivers/md/dm-io.o
  CC      drivers/media/dvb-frontends/cx24110.o
  CC      net/unix/scm.o
  CC      drivers/gpu/drm/msm/dp/dp_parser.o
  CC      net/sctp/ulpevent.o
  CC      drivers/media/dvb-frontends/tda8083.o
  CC      drivers/gpu/drm/msm/dp/dp_power.o
  CC      net/ipv4/tcp_westwood.o
  CC      drivers/md/dm-kcopyd.o
  CC      net/netfilter/xt_SECMARK.o
  AR      net/unix/unix.o
  CC      drivers/media/dvb-frontends/l64781.o
  AR      net/unix/built-in.o
  CC      drivers/gpu/drm/msm/dp/dp_catalog.o
  CC      drivers/md/dm-sysfs.o
  CC      net/sctp/inqueue.o
  CC      net/ipv4/cipso_ipv4.o
  CC      drivers/gpu/drm/msm/dp/dp_catalog_v420.o
  CC      drivers/media/dvb-frontends/dib3000mb.o
  CC      net/netfilter/xt_TPROXY.o
  CC      drivers/mfd/mfd-core.o
  CC      drivers/md/dm-stats.o
  CC      drivers/media/dvb-frontends/dib3000mc.o
  CC      drivers/gpu/drm/msm/dp/dp_catalog_v200.o
  CC      net/sctp/outqueue.o
  CC      drivers/mfd/qcom-i2c-pmic.o
  CC      net/netfilter/xt_TCPMSS.o
  CC      drivers/media/dvb-frontends/dibx000_common.o
  CC      net/ipv4/xfrm4_policy.o
  CC      drivers/gpu/drm/msm/dp/dp_aux.o
  CC      net/wireless/core.o
  CC      drivers/md/dm-rq.o
  CC      drivers/mfd/qcom-spmi-pmic.o
  CC      drivers/media/dvb-frontends/dib7000m.o
  CC      net/ipv4/xfrm4_state.o
  CC      net/netfilter/xt_TEE.o
  CC      net/sctp/ulpqueue.o
  CC      drivers/mfd/syscon.o
  CC      drivers/media/dvb-frontends/dib7000p.o
  CC      drivers/gpu/drm/msm/dp/dp_panel.o
  CC      drivers/md/dm-builtin.o
  AR      drivers/mfd/built-in.o
  CC      drivers/md/dm-bufio.o
  CC      net/wireless/sysfs.o
  CC      net/ipv4/xfrm4_input.o
  CC      drivers/media/dvb-frontends/dib8000.o
  CC      net/netfilter/xt_TRACE.o
  CC      net/sctp/tsnmap.o
  CC      net/xfrm/xfrm_policy.o
  CC      drivers/md/dm-crypt.o
  CC      drivers/media/dvb-frontends/dib9000.o
  CC      drivers/gpu/drm/msm/dp/dp_link.o
  CC      net/ipv4/xfrm4_output.o
  CC      net/netfilter/xt_IDLETIMER.o
  CC      net/sctp/bind_addr.o
  CC      drivers/media/dvb-frontends/mt312.o
  CC      drivers/md/dm-default-key.o
  CC      net/ipv4/xfrm4_protocol.o
  CC      drivers/gpu/drm/msm/dp/dp_ctrl.o
  CC      net/wireless/radiotap.o
  CC      net/xfrm/xfrm_state.o
  CC      net/netfilter/xt_HARDIDLETIMER.o
  CC      drivers/media/dvb-frontends/ves1820.o
  CC      drivers/md/dm-snap.o
  CC      net/sctp/socket.o
  CC      drivers/gpu/drm/msm/dp/dp_audio.o
  CC      drivers/media/dvb-frontends/ves1x93.o
  CC      net/netfilter/xt_addrtype.o
  CC      net/wireless/util.o
  AR      net/ipv4/gre.o
  AR      net/ipv4/built-in.o
  CC      net/wireless/reg.o
  CC      net/xfrm/xfrm_hash.o
  CC      drivers/md/dm-exception-store.o
  CC      drivers/media/dvb-frontends/tda1004x.o
  CC      drivers/gpu/drm/msm/dp/dp_debug.o
  CC      net/netfilter/xt_bpf.o
  CC      net/xfrm/xfrm_input.o
  CC      drivers/md/dm-snap-transient.o
  CC      drivers/media/dvb-frontends/sp887x.o
  CC      drivers/media/dvb-frontends/nxt6000.o
  CC      net/sctp/primitive.o
  CC      net/netfilter/xt_comment.o
  CC      drivers/gpu/drm/msm/dp/dp_mst_sim_helper.o
  CC      drivers/md/dm-snap-persistent.o
  CC      drivers/media/dvb-frontends/mt352.o
  CC      net/xfrm/xfrm_output.o
  CC      net/wireless/scan.o
  CC      net/netfilter/xt_connlimit.o
  AR      drivers/gpu/drm/omapdrm/displays/built-in.o
  CC      drivers/md/dm-verity-fec.o
  CC      drivers/media/dvb-frontends/zl10036.o
  AR      drivers/gpu/drm/omapdrm/dss/built-in.o
  AR      drivers/gpu/drm/omapdrm/built-in.o
  CC      net/sctp/output.o
  CC      net/compat.o
  CC      drivers/gpu/drm/msm/dp/dp_mst_sim.o
  CC      net/xfrm/xfrm_sysctl.o
  CC      drivers/media/dvb-frontends/zl10039.o
  CC      net/netfilter/xt_conntrack.o
  CC      drivers/md/dm-bow.o
  CC      net/wireless/nl80211.o
  CC      net/xfrm/xfrm_replay.o
  CC      drivers/gpu/drm/msm/dp/dp_hpd.o
  CC      net/sctp/input.o
  CC      drivers/media/dvb-frontends/zl10353.o
../drivers/md/dm-bow.c:15:9: warning: 'SECTOR_SIZE' macro redefined [-Wmacro-redefined]
   15 | #define SECTOR_SIZE 512
      |         ^
../include/linux/blkdev.h:1058:9: note: previous definition is here
 1058 | #define SECTOR_SIZE (1 << SECTOR_SHIFT)
      |         ^
  AR      drivers/md/dm-mod.o
1 warning generated.
  CC      drivers/media/dvb-frontends/cx22702.o
  CC      net/sysctl_net.o
  AR      drivers/md/dm-snapshot.o
  CC      net/netfilter/xt_dscp.o
  AR      drivers/md/dm-verity.o
  AR      drivers/md/built-in.o
  CC      net/sctp/debug.o
  CC      drivers/gpu/drm/msm/dp/dp_aux_bridge.o
  CC      drivers/media/dvb-frontends/drxd_firm.o
  CC      drivers/media/dvb-frontends/drxd_hard.o
  CC      net/xfrm/xfrm_device.o
  CC      drivers/media/dvb-frontends/tda10021.o
  CC      net/netfilter/xt_ecn.o
  CC      drivers/gpu/drm/msm/dp/dp_bridge_hpd.o
  CC      net/wireless/mlme.o
  CC      drivers/gpu/drm/msm/dp/dp_gpio_hpd.o
  CC      net/sctp/stream.o
  CC      drivers/media/dvb-frontends/tda10023.o
  CC      net/xfrm/xfrm_proc.o
  CC      net/netfilter/xt_esp.o
  CC      drivers/media/dvb-frontends/stv0297.o
  CC      net/xfrm/xfrm_algo.o
  CC      drivers/gpu/drm/msm/dp/dp_lphw_hpd.o
  CC      drivers/media/dvb-frontends/nxt200x.o
  CC      net/netfilter/xt_hashlimit.o
  CC      net/sctp/auth.o
  CC      net/wireless/ibss.o
  CC      net/xfrm/xfrm_user.o
  CC      drivers/media/dvb-frontends/or51211.o
  CC      drivers/gpu/drm/msm/dp/dp_display.o
  CC      net/wireless/sme.o
  CC      drivers/gpu/drm/msm/dp/dp_drm.o
  CC      drivers/media/dvb-frontends/or51132.o
  CC      net/sctp/offload.o
  CC      net/xfrm/xfrm_ipcomp.o
  CC      net/netfilter/xt_helper.o
  CC      net/sctp/proc.o
  CC      drivers/media/dvb-frontends/bcm3510.o
  CC      net/wireless/chan.o
  CC      drivers/gpu/drm/msm/dp/dp_hdcp2p2.o
  CC      net/netfilter/xt_hl.o
  CC      net/xfrm/xfrm_interface.o
  CC      drivers/media/dvb-frontends/s5h1420.o
  CC      net/sctp/sysctl.o
  AR      drivers/misc/cb710/built-in.o
  AR      drivers/misc/eeprom/built-in.o
  AR      drivers/misc/lis3lv02d/built-in.o
  CC      drivers/gpu/drm/msm/dp/dp_mst_drm.o
  CC      drivers/media/dvb-frontends/lgdt330x.o
  CC      net/netfilter/xt_iprange.o
  AR      drivers/misc/mic/bus/built-in.o
  CC      net/wireless/ethtool.o
  AR      drivers/misc/ti-st/built-in.o
  AR      drivers/misc/mic/built-in.o
  CC      drivers/misc/hdcp_qseecom.o
  CC      net/netfilter/xt_length.o
  CC      net/sctp/ipv6.o
  AR      net/xfrm/built-in.o
  CC      drivers/misc/msm_hdcp.o
  CC      net/wireless/mesh.o
  CC      drivers/media/dvb-frontends/lgdt3305.o
  CC      drivers/gpu/drm/msm/sde/sde_crtc.o
  CC      net/wireless/ap.o
  CC      drivers/misc/qseecom.o
  CC      net/netfilter/xt_limit.o
  CC      net/netfilter/xt_mac.o
  CC      drivers/media/dvb-frontends/lgdt3306a.o
  CC      net/sctp/sctp_diag.o
  CC      drivers/gpu/drm/msm/sde/sde_encoder.o
  CC      net/netfilter/xt_multiport.o
  CC      drivers/media/dvb-frontends/lg2160.o
  CC      net/netfilter/xt_owner.o
  CC      net/wireless/trace.o
  AR      net/sctp/sctp.o
  CC      drivers/media/dvb-frontends/cx24123.o
  AR      net/sctp/built-in.o
  CC      net/wireless/ocb.o
  CC      net/netfilter/xt_pkttype.o
  CC      drivers/media/dvb-frontends/lnbh25.o
  CC      drivers/gpu/drm/msm/sde/sde_encoder_phys_vid.o
  CC      drivers/media/dvb-frontends/lnbp21.o
  CC      drivers/gpu/drm/msm/sde/sde_encoder_phys_cmd.o
  CC      drivers/misc/uid_sys_stats.o
  CC      net/wireless/of.o
  CC      net/netfilter/xt_policy.o
  CC      drivers/media/dvb-frontends/lnbp22.o
  CC      drivers/misc/simtray.o
  CC      net/netfilter/xt_quota.o
  CC      drivers/gpu/drm/msm/sde/sde_irq.o
  CC      net/netfilter/xt_quota2.o
  CC      drivers/media/dvb-frontends/isl6405.o
  CC      net/netfilter/xt_socket.o
  AR      drivers/misc/built-in.o
  CC      drivers/gpu/drm/msm/sde/sde_core_irq.o
  CC      net/netfilter/xt_state.o
  CC      drivers/media/dvb-frontends/isl6421.o
  CC      net/netfilter/xt_statistic.o
  AR      drivers/gpu/drm/panel/built-in.o
  CC      drivers/gpu/drm/msm/sde/sde_core_perf.o
  CC      net/wireless/wext-core.o
  CC      drivers/media/dvb-frontends/tda10086.o
  CC      drivers/media/dvb-frontends/tda826x.o
  AR      drivers/gpu/drm/tilcdc/built-in.o
  AR      drivers/gpu/drm/drm_kms_helper.o
  CC      net/wireless/wext-proc.o
  AR      drivers/gpu/drm/drm.o
  CC      net/netfilter/xt_string.o
  AR      drivers/mmc/built-in.o
  CC      net/wireless/wext-spy.o
  CC      drivers/net/dummy.o
  CC      net/wireless/wext-priv.o
  CC      drivers/media/dvb-frontends/tda8261.o
  CC      drivers/net/mii.o
  CC      drivers/gpu/drm/msm/sde/sde_rm.o
  CC      drivers/media/dvb-frontends/dib0070.o
  CC      drivers/net/Space.o
  CC      drivers/net/loopback.o
  CC      net/wireless/regdb.o
  CC      drivers/media/dvb-frontends/dib0090.o
  CC      net/netfilter/xt_time.o
  AR      drivers/net/dsa/b53/built-in.o
  AR      drivers/net/dsa/mv88e6xxx/built-in.o
  CC      drivers/gpu/drm/msm/sde/sde_kms_utils.o
  AR      drivers/net/dsa/microchip/built-in.o
  AR      drivers/net/dsa/built-in.o
  CC      net/netfilter/xt_u32.o
  CC      drivers/net/phy/mdio-boardinfo.o
  AR      drivers/net/ethernet/qcom/built-in.o
  CC      drivers/net/usb/r8152.o
  CC      drivers/media/dvb-frontends/tua6100.o
  AR      drivers/net/ethernet/qualcomm/emac/built-in.o
  AR      net/wireless/cfg80211.o
  AR      net/wireless/built-in.o
  CC      drivers/net/ethernet/qualcomm/rmnet/rmnet_config.o
  CC      drivers/net/ethernet/qualcomm/rmnet/rmnet_vnd.o
  AR      drivers/net/wireless/admtek/built-in.o
  AR      drivers/net/wireless/ath/built-in.o
  CC      drivers/net/phy/phy.o
  AR      drivers/net/wireless/atmel/built-in.o
  AR      net/netfilter/netfilter.o
  CC      drivers/gpu/drm/msm/sde/sde_kms.o
  CC      drivers/media/dvb-frontends/s5h1409.o
  AR      net/netfilter/nf_conntrack.o
  AR      drivers/net/wireless/broadcom/built-in.o
  AR      net/netfilter/nf_conntrack_h323.o
  AR      drivers/net/wireless/cisco/built-in.o
  AR      net/netfilter/nf_nat.o
  AR      net/netfilter/nf_tables.o
  CC      drivers/net/wireless/cnss_genl/cnss_nl.o
  AR      net/netfilter/built-in.o
  AR      net/built-in.o
  CC      drivers/net/tun.o
  CC      drivers/media/dvb-frontends/itd1000.o
  CC      drivers/gpu/drm/msm/sde/sde_plane.o
  CC      drivers/net/ethernet/qualcomm/rmnet/rmnet_handlers.o
  CC      drivers/net/phy/phy-c45.o
  AR      drivers/net/wireless/cnss_genl/built-in.o
  CC      drivers/net/wireless/cnss_prealloc/cnss_prealloc.o
  CC      drivers/net/usb/lan78xx.o
  CC      drivers/media/dvb-frontends/au8522_common.o
  CC      drivers/net/phy/phy-core.o
  AR      drivers/net/wireless/cnss_prealloc/built-in.o
  CC      drivers/media/dvb-frontends/au8522_dig.o
  CC      drivers/net/wireless/cnss_utils/cnss_utils.o
  CC      drivers/net/ethernet/qualcomm/rmnet/rmnet_map_data.o
  AR      drivers/net/wireless/intel/built-in.o
  AR      drivers/net/wireless/intersil/built-in.o
  CC      drivers/net/usb/asix_devices.o
  CC      drivers/gpu/drm/msm/sde/sde_connector.o
  CC      drivers/media/dvb-frontends/au8522_decoder.o
  CC      drivers/net/phy/phy_device.o
  CC      drivers/gpu/drm/msm/sde/sde_color_processing.o
  AR      drivers/net/wireless/marvell/built-in.o
  CC      drivers/net/ethernet/qualcomm/rmnet/rmnet_map_command.o
  AR      drivers/net/wireless/cnss_utils/built-in.o
  CC      drivers/net/phy/mdio_bus.o
  AR      drivers/net/wireless/mediatek/built-in.o
  AR      drivers/net/wireless/quantenna/built-in.o
  CC      drivers/gpu/drm/msm/sde/sde_vbif.o
  CC      drivers/net/phy/mdio_device.o
  AR      drivers/net/wireless/ralink/built-in.o
  CC      drivers/media/dvb-frontends/tda10048.o
  CC      drivers/gpu/drm/msm/sde_io_util.o
  CC      drivers/net/usb/asix_common.o
  AR      drivers/net/wireless/realtek/built-in.o
  AR      drivers/net/wireless/rsi/built-in.o
  AR      drivers/net/wireless/st/built-in.o
  AR      drivers/net/wireless/ti/built-in.o
  CC      drivers/net/ethernet/qualcomm/rmnet/rmnet_descriptor.o
  AR      drivers/net/wireless/zydas/built-in.o
  AR      drivers/net/wireless/built-in.o
  CC      drivers/net/phy/swphy.o
  CC      drivers/gpu/drm/msm/sde/sde_hw_reg_dma_v1_color_proc.o
  CC      drivers/net/phy/fixed_phy.o
  CC      drivers/media/dvb-frontends/cx24113.o
  CC      drivers/gpu/drm/msm/sde/sde_hw_color_proc_v4.o
  CC      drivers/media/dvb-frontends/s5h1411.o
  CC      drivers/net/phy/microchip.o
  AR      drivers/nfc/built-in.o
  CC      drivers/net/usb/ax88172a.o
  AR      drivers/net/phy/libphy.o
  AR      drivers/net/ethernet/qualcomm/rmnet/rmnet.o
  AR      drivers/nvme/host/built-in.o
  AR      drivers/media/i2c/soc_camera/built-in.o
  AR      drivers/net/ethernet/qualcomm/rmnet/built-in.o
  CC      drivers/media/i2c/ir-kbd-i2c.o
  AR      drivers/net/ethernet/qualcomm/built-in.o
  AR      drivers/nvme/target/built-in.o
  AR      drivers/net/ethernet/built-in.o
  CC      drivers/gpu/drm/msm/sde/sde_hw_ad4.o
  AR      drivers/nvme/built-in.o
  CC      drivers/nvmem/core.o
  CC      drivers/gpu/drm/msm/sde_edid_parser.o
  CC      drivers/gpu/drm/msm/sde_hdcp_1x.o
  CC      drivers/media/dvb-frontends/lgs8gl5.o
  AR      drivers/net/phy/built-in.o
  CC      drivers/net/usb/ax88179_178a.o
  AR      drivers/media/mmc/siano/built-in.o
  AR      drivers/media/mmc/built-in.o
  CC      drivers/net/usb/cdc_ether.o
  AR      drivers/media/i2c/built-in.o
  CC      drivers/nvmem/qcom-spmi-sdam.o
  CC      drivers/media/dvb-frontends/tda665x.o
  CC      drivers/media/dvb-frontends/lgs8gxx.o
  AR      drivers/media/pci/b2c2/built-in.o
  AR      drivers/nvmem/nvmem_core.o
  AR      drivers/media/pci/ddbridge/built-in.o
  CC      drivers/net/usb/net1080.o
  AR      drivers/nvmem/built-in.o
  CC      drivers/gpu/drm/msm/sde_hdcp_2x.o
  CC      drivers/media/dvb-frontends/atbm8830.o
  AR      drivers/media/pci/dm1105/built-in.o
  CC      drivers/media/dvb-frontends/af9013.o
  CC      drivers/net/usb/cdc_subset.o
  AR      drivers/media/pci/mantis/built-in.o
  AR      drivers/media/pci/netup_unidvb/built-in.o
  AR      drivers/media/pci/ngene/built-in.o
  AR      drivers/media/platform/blackfin/built-in.o
  AR      drivers/media/radio/built-in.o
  AR      drivers/media/pci/pluto2/built-in.o
  AR      drivers/media/platform/davinci/built-in.o
  AR      drivers/media/platform/meson/built-in.o
  AR      drivers/media/pci/pt1/built-in.o
  CC      drivers/media/dvb-frontends/cx24116.o
  CC      drivers/media/rc/rc-main.o
  AR      drivers/media/pci/pt3/built-in.o
  AR      drivers/media/pci/saa7146/built-in.o
  CC      drivers/net/usb/zaurus.o
  AR      drivers/media/pci/smipcie/built-in.o
  CC      drivers/media/rc/rc-ir-raw.o
  CC      drivers/gpu/drm/msm/sde_dbg.o
  AR      drivers/media/pci/ttpci/built-in.o
  AR      drivers/media/pci/built-in.o
  CC      drivers/media/platform/msm/camera/cam_cdm/cam_cdm_soc.o
  CC      drivers/media/platform/msm/camera/cam_core/cam_context.o
  CC      drivers/media/dvb-frontends/cx24117.o
  AR      drivers/media/spi/built-in.o
  CC      drivers/media/rc/keymaps/rc-adstech-dvb-t-pci.o
  CC      drivers/media/platform/msm/npu/npu_dbg.o
  CC      drivers/net/usb/usbnet.o
  CC      drivers/media/platform/msm/camera/cam_core/cam_context_utils.o
  CC      drivers/media/platform/msm/camera/cam_cpas/camss_top/cam_camsstop_hw.o
  CC      drivers/media/platform/msm/camera/cam_cdm/cam_cdm_util.o
  CC      drivers/media/rc/keymaps/rc-alink-dtu-m.o
  CC      drivers/media/dvb-frontends/cx24120.o
  CC      drivers/media/platform/msm/npu/npu_dev.o
  CC      drivers/gpu/drm/msm/sde_dbg_evtlog.o
  AR      drivers/media/platform/msm/camera/cam_cpas/camss_top/built-in.o
  CC      drivers/media/rc/keymaps/rc-anysee.o
  CC      drivers/media/platform/msm/camera/cam_cpas/cpas_top/cam_cpastop_hw.o
  CC      drivers/media/dvb-frontends/si21xx.o
  CC      drivers/media/platform/msm/camera/cam_cdm/cam_cdm_intf.o
  CC      drivers/media/platform/msm/camera/cam_core/cam_node.o
  CC      drivers/net/usb/cdc_ncm.o
  CC      drivers/media/rc/keymaps/rc-apac-viewcomp.o
  CC      drivers/gpu/drm/msm/sde_rsc.o
  AR      drivers/media/platform/msm/camera/cam_cpas/cpas_top/built-in.o
  CC      drivers/media/platform/msm/camera/cam_cpas/cam_cpas_soc.o
  CC      drivers/media/rc/keymaps/rc-asus-pc39.o
  CC      drivers/media/dvb-frontends/si2168.o
  CC      drivers/media/platform/msm/npu/npu_debugfs.o
  CC      drivers/media/platform/msm/camera/cam_core/cam_subdev.o
  CC      drivers/media/platform/msm/camera/cam_cdm/cam_cdm_core_common.o
  CC      drivers/media/rc/keymaps/rc-asus-ps3-100.o
  CC      drivers/media/platform/msm/npu/npu_host_ipc.o
  CC      drivers/gpu/drm/msm/sde_rsc_hw.o
  CC      drivers/media/dvb-frontends/stv0288.o
  CC      drivers/media/platform/msm/camera/cam_cpas/cam_cpas_intf.o
  AR      drivers/net/usb/asix.o
  AR      drivers/media/platform/msm/camera/cam_core/built-in.o
  AR      drivers/net/usb/built-in.o
  AR      drivers/net/built-in.o
  CC      drivers/gpu/drm/msm/sde_rsc_hw_v3.o
  CC      drivers/media/rc/keymaps/rc-ati-tv-wonder-hd-600.o
  CC      drivers/media/platform/msm/camera/cam_cdm/cam_cdm_virtual_core.o
  CC      drivers/media/dvb-frontends/stb6000.o
  CC      drivers/media/tuners/tuner-xc2028.o
  CC      drivers/media/platform/msm/camera/cam_cpas/cam_cpas_hw.o
  CC      drivers/gpu/drm/msm/sde/sde_fence.o
  CC      drivers/media/platform/msm/npu/npu_hw_access.o
  AR      drivers/media/usb/b2c2/built-in.o
  CC      drivers/media/rc/keymaps/rc-ati-x10.o
  AR      drivers/media/usb/dvb-usb/built-in.o
  AR      drivers/media/usb/dvb-usb-v2/built-in.o
  CC      drivers/media/dvb-frontends/s921.o
  CC      drivers/media/usb/gspca/gspca.o
  CC      drivers/media/platform/msm/camera/cam_cdm/cam_cdm_hw_core.o
  CC      drivers/media/tuners/tuner-simple.o
  CC      drivers/media/rc/keymaps/rc-avermedia-a16d.o
  AR      drivers/media/platform/msm/camera/cam_cpas/built-in.o
  CC      drivers/media/platform/msm/npu/npu_mgr.o
  CC      drivers/media/tuners/tuner-types.o
  CC      drivers/gpu/drm/msm/dsi-staging/dsi_phy.o
  CC      drivers/media/rc/keymaps/rc-avermedia.o
  CC      drivers/media/dvb-frontends/stv6110.o
  CC      drivers/media/usb/gspca/autogain_functions.o
  AR      drivers/media/platform/msm/npu/msm_npu.o
  AR      drivers/media/platform/msm/npu/built-in.o
  CC      drivers/gpu/drm/msm/dsi-staging/dsi_pwr.o
  CC      drivers/media/rc/keymaps/rc-avermedia-cardbus.o
  AR      drivers/media/platform/msm/camera/cam_cdm/built-in.o
  CC      drivers/media/tuners/mt20xx.o
  CC      drivers/media/dvb-frontends/stv0900_core.o
  CC      drivers/of/base.o
  CC      drivers/of/device.o
  AR      drivers/media/usb/gspca/gspca_main.o
  AR      drivers/media/usb/gspca/built-in.o
  CC      drivers/media/platform/msm/camera/cam_fd/fd_hw_mgr/fd_hw/cam_fd_hw_dev.o
  CC      drivers/media/rc/keymaps/rc-avermedia-dvbt.o
  AR      drivers/media/usb/s2255/built-in.o
  CC      drivers/gpu/drm/msm/dsi-staging/dsi_phy_hw_v2_0.o
  AR      drivers/media/usb/siano/built-in.o
  AR      drivers/media/usb/stkwebcam/built-in.o
  AR      drivers/media/usb/ttusb-budget/built-in.o
  AR      drivers/media/usb/ttusb-dec/built-in.o
  CC      drivers/media/tuners/tda8290.o
  CC      drivers/media/rc/lirc_dev.o
  CC      drivers/media/usb/uvc/uvc_driver.o
  CC      drivers/media/dvb-frontends/stv0900_sw.o
  CC      drivers/media/platform/msm/camera/cam_fd/fd_hw_mgr/fd_hw/cam_fd_hw_core.o
  CC      drivers/media/rc/keymaps/rc-avermedia-m135a.o
  CC      drivers/of/platform.o
  CC      drivers/media/rc/keymaps/rc-avermedia-m733a-rm-k6.o
  CC      drivers/gpu/drm/msm/dsi-staging/dsi_phy_hw_v3_0.o
  CC      drivers/of/property.o
  AR      drivers/media/usb/zr364xx/built-in.o
  CC      drivers/media/platform/msm/camera/cam_fd/fd_hw_mgr/fd_hw/cam_fd_hw_soc.o
  CC      drivers/media/platform/msm/camera/cam_fd/cam_fd_dev.o
  CC      drivers/media/dvb-frontends/stv090x.o
  CC      drivers/media/tuners/tea5767.o
  CC      drivers/media/usb/uvc/uvc_queue.o
  CC      drivers/media/rc/keymaps/rc-avermedia-rm-ks.o
  CC      drivers/of/kobj.o
  CC      drivers/media/platform/msm/camera/cam_fd/fd_hw_mgr/cam_fd_hw_mgr.o
  CC      drivers/gpu/drm/msm/dsi-staging/dsi_phy_hw_v4_0.o
  CC      drivers/media/rc/keymaps/rc-avertv-303.o
  AR      drivers/media/platform/msm/camera/cam_fd/fd_hw_mgr/fd_hw/built-in.o
  CC      drivers/media/rc/keymaps/rc-azurewave-ad-tu700.o
  CC      drivers/media/tuners/tea5761.o
  CC      drivers/media/usb/uvc/uvc_v4l2.o
  CC      drivers/of/fdt.o
  CC      drivers/media/dvb-frontends/stv6110x.o
  AR      drivers/media/platform/msm/camera/cam_fd/fd_hw_mgr/built-in.o
  CC      drivers/gpu/drm/msm/dsi-staging/dsi_phy_timing_calc.o
  CC      drivers/media/platform/msm/camera/cam_fd/cam_fd_context.o
  CC      drivers/media/rc/keymaps/rc-behold.o
  CC      drivers/media/tuners/tda9887.o
  CC      drivers/media/usb/uvc/uvc_video.o
  CC      drivers/pci/access.o
  CC      drivers/of/fdt_address.o
  AR      drivers/media/platform/msm/camera/cam_fd/built-in.o
  CC      drivers/media/rc/keymaps/rc-behold-columbus.o
  CC      drivers/media/platform/msm/camera/cam_hyp_intf/cam_hyp_intf.o
  CC      drivers/media/dvb-frontends/m88ds3103.o
  CC      drivers/media/tuners/tda827x.o
  CC      drivers/gpu/drm/msm/dsi-staging/dsi_phy_timing_v2_0.o
  CC      drivers/of/address.o
  CC      drivers/media/rc/keymaps/rc-budget-ci-old.o
  CC      drivers/pci/bus.o
  AR      drivers/media/platform/msm/camera/cam_hyp_intf/built-in.o
  CC      drivers/media/rc/keymaps/rc-cec.o
  CC      drivers/media/dvb-frontends/mn88472.o
  CC      drivers/media/tuners/tda18271-maps.o
  CC      drivers/media/usb/uvc/uvc_ctrl.o
  CC      drivers/media/platform/msm/camera/cam_icp/icp_hw/a5_hw/a5_dev.o
  CC      drivers/of/irq.o
  CC      drivers/gpu/drm/msm/dsi-staging/dsi_phy_timing_v3_0.o
  CC      drivers/media/dvb-frontends/mn88473.o
  CC      drivers/media/rc/keymaps/rc-cinergy-1400.o
  CC      drivers/pci/probe.o
  CC      drivers/media/tuners/tda18271-common.o
  CC      drivers/media/usb/uvc/uvc_status.o
  CC      drivers/media/platform/msm/camera/cam_icp/icp_hw/a5_hw/a5_core.o
  CC      drivers/media/tuners/tda18271-fe.o
  CC      drivers/media/rc/keymaps/rc-cinergy.o
  CC      drivers/of/of_net.o
  CC      drivers/gpu/drm/msm/dsi-staging/dsi_phy_timing_v4_0.o
  CC      drivers/media/dvb-frontends/isl6423.o
  CC      drivers/media/rc/keymaps/rc-d680-dmb.o
  CC      drivers/pci/host-bridge.o
  CC      drivers/media/tuners/xc5000.o
  CC      drivers/media/dvb-frontends/ec100.o
  CC      drivers/media/usb/uvc/uvc_isight.o
  CC      drivers/of/of_mdio.o
  CC      drivers/media/platform/msm/camera/cam_icp/icp_hw/a5_hw/a5_soc.o
  CC      drivers/media/rc/keymaps/rc-delock-61959.o
  CC      drivers/gpu/drm/msm/dsi-staging/dsi_ctrl_hw_cmn.o
  CC      drivers/pci/remove.o
  CC      drivers/media/tuners/xc4000.o
  CC      drivers/media/rc/keymaps/rc-dib0700-nec.o
  CC      drivers/media/dvb-frontends/ds3000.o
  AR      drivers/media/platform/msm/camera/cam_icp/icp_hw/a5_hw/built-in.o
  CC      drivers/media/usb/uvc/uvc_debugfs.o
  CC      drivers/media/platform/msm/camera/cam_icp/icp_hw/bps_hw/bps_dev.o
  CC      drivers/of/of_pci.o
  CC      drivers/media/rc/keymaps/rc-dib0700-rc5.o
  CC      drivers/pci/pci.o
  CC      drivers/gpu/drm/msm/dsi-staging/dsi_ctrl_hw_1_4.o
  CC      drivers/media/dvb-frontends/ts2020.o
  CC      drivers/media/tuners/msi001.o
  CC      drivers/media/platform/msm/camera/cam_icp/icp_hw/bps_hw/bps_core.o
  CC      drivers/media/usb/uvc/uvc_entity.o
  CC      drivers/of/of_pci_irq.o
  CC      drivers/media/rc/keymaps/rc-digitalnow-tinytwin.o
  CC      drivers/media/dvb-frontends/mb86a16.o
  CC      drivers/media/tuners/mt2060.o
  CC      drivers/gpu/drm/msm/dsi-staging/dsi_ctrl_hw_2_0.o
  CC      drivers/media/platform/msm/camera/cam_icp/icp_hw/bps_hw/bps_soc.o
  CC      drivers/media/rc/keymaps/rc-digittrade.o
  AR      drivers/media/usb/uvc/uvcvideo.o
  AR      drivers/media/usb/uvc/built-in.o
  AR      drivers/media/usb/built-in.o
  CC      drivers/pci/pci-driver.o
  CC      drivers/media/tuners/mt2063.o
  CC      drivers/of/of_reserved_mem.o
  CC      drivers/media/rc/keymaps/rc-dm1105-nec.o
  AR      drivers/media/platform/msm/camera/cam_icp/icp_hw/bps_hw/built-in.o
  CC      drivers/pci/dwc/pcie-hisi.o
  CC      drivers/media/platform/msm/camera/cam_icp/icp_hw/icp_hw_mgr/cam_icp_hw_mgr.o
  CC      drivers/gpu/drm/msm/dsi-staging/dsi_ctrl_hw_2_2.o
  CC      drivers/media/dvb-frontends/drx39xyj/drxj.o
  CC      drivers/media/tuners/mt2266.o
  CC      drivers/of/of_slimbus.o
  CC      drivers/media/rc/keymaps/rc-dntv-live-dvb-t.o
  CC      drivers/pci/search.o
  AR      drivers/pci/dwc/built-in.o
  CC      drivers/media/rc/ir-nec-decoder.o
  CC      drivers/of/of_batterydata.o
  CC      drivers/gpu/drm/msm/dsi-staging/dsi_ctrl.o
  CC      drivers/media/rc/keymaps/rc-dntv-live-dvbt-pro.o
  CC      drivers/media/tuners/qt1010.o
  CC      drivers/pci/pci-sysfs.o
  CC      drivers/media/rc/keymaps/rc-dtt200u.o
  AR      drivers/media/platform/msm/camera/cam_icp/icp_hw/icp_hw_mgr/built-in.o
  CC      drivers/pci/rom.o
  AR      drivers/of/built-in.o
  CC      drivers/pci/setup-res.o
  CC      drivers/media/platform/msm/camera/cam_icp/icp_hw/ipe_hw/ipe_dev.o
  CC      drivers/media/tuners/mt2131.o
  AR      drivers/media/dvb-frontends/drx39xyj/drx39xyj.o
  AR      drivers/media/dvb-frontends/drx39xyj/built-in.o
  CC      drivers/media/rc/keymaps/rc-dvbsky.o
  CC      drivers/media/dvb-frontends/mb86a20s.o
  CC      drivers/gpu/drm/msm/dsi-staging/dsi_catalog.o
  AR      drivers/media/platform/omap/built-in.o
  CC      drivers/media/tuners/mxl5005s.o
  CC      drivers/media/rc/keymaps/rc-dvico-mce.o
  CC      drivers/media/rc/keymaps/rc-dvico-portable.o
  CC      drivers/pci/irq.o
  CC      drivers/media/platform/msm/camera/cam_icp/icp_hw/ipe_hw/ipe_core.o
  CC      drivers/media/dvb-frontends/ix2505v.o
  CC      drivers/pci/vpd.o
  CC      drivers/media/platform/msm/sde/rotator/sde_rotator_dev.o
  CC      drivers/media/rc/keymaps/rc-em-terratec.o
  CC      drivers/gpu/drm/msm/dsi-staging/dsi_drm.o
  CC      drivers/media/dvb-frontends/stv0367.o
  CC      drivers/media/tuners/mxl5007t.o
  CC      drivers/media/v4l2-core/v4l2-dev.o
  CC      drivers/media/platform/msm/camera/cam_icp/icp_hw/ipe_hw/ipe_soc.o
  CC      drivers/media/rc/keymaps/rc-encore-enltv2.o
  CC      drivers/pci/setup-bus.o
  CC      drivers/gpu/drm/msm/dsi-staging/dsi_display.o
  CC      drivers/media/platform/msm/sde/rotator/sde_rotator_core.o
  CC      drivers/media/tuners/mc44s803.o
  AR      drivers/media/platform/msm/camera/cam_icp/icp_hw/ipe_hw/built-in.o
  AR      drivers/media/platform/msm/camera/cam_icp/icp_hw/built-in.o
  CC      drivers/media/platform/msm/camera/cam_icp/cam_icp_subdev.o
  CC      drivers/media/dvb-frontends/cxd2820r_core.o
  CC      drivers/media/v4l2-core/v4l2-ioctl.o
  CC      drivers/pci/vc.o
  CC      drivers/media/rc/keymaps/rc-encore-enltv.o
  CC      drivers/media/tuners/max2165.o
  CC      drivers/media/rc/keymaps/rc-encore-enltv-fm53.o
  CC      drivers/media/platform/msm/camera/cam_icp/cam_icp_context.o
  CC      drivers/pci/mmap.o
  CC      drivers/media/platform/msm/sde/rotator/sde_rotator_base.o
  CC      drivers/media/dvb-frontends/cxd2820r_c.o
  CC      drivers/media/rc/keymaps/rc-evga-indtube.o
  CC      drivers/media/tuners/tda18218.o
  CC      drivers/media/platform/msm/camera/cam_icp/hfi.o
  CC      drivers/pci/setup-irq.o
  CC      drivers/media/v4l2-core/v4l2-device.o
  CC      drivers/media/rc/keymaps/rc-eztv.o
  CC      drivers/gpu/drm/msm/dsi-staging/dsi_panel.o
  CC      drivers/media/dvb-frontends/cxd2820r_t.o
  CC      drivers/media/tuners/tda18212.o
  AR      drivers/media/platform/msm/camera/cam_icp/built-in.o
  CC      drivers/media/platform/msm/sde/rotator/sde_rotator_formats.o
  CC      drivers/media/v4l2-core/v4l2-fh.o
  CC      drivers/media/tuners/e4000.o
  CC      drivers/media/rc/keymaps/rc-flydvb.o
  CC      drivers/media/platform/msm/camera/cam_isp/isp_hw_mgr/hw_utils/cam_tasklet_util.o
  CC      drivers/pci/proc.o
  CC      drivers/media/dvb-frontends/cxd2820r_t2.o
  CC      drivers/media/v4l2-core/v4l2-event.o
  CC      drivers/media/platform/msm/sde/rotator/sde_rotator_util.o
  CC      drivers/media/platform/msm/camera/cam_isp/isp_hw_mgr/hw_utils/cam_isp_packet_parser.o
  CC      drivers/pci/slot.o
  CC      drivers/media/rc/keymaps/rc-flyvideo.o
  CC      drivers/media/dvb-frontends/cxd2841er.o
  CC      drivers/gpu/drm/msm/dsi-staging/dsi_clk_manager.o
  CC      drivers/media/tuners/fc2580.o
  CC      drivers/media/v4l2-core/v4l2-ctrls.o
  CC      drivers/media/rc/keymaps/rc-fusionhdtv-mce.o
  CC      drivers/media/platform/msm/camera/cam_isp/isp_hw_mgr/hw_utils/irq_controller/cam_irq_controller.o
  CC      drivers/pci/quirks.o
  CC      drivers/media/dvb-frontends/drxk_hard.o
  CC      drivers/gpu/drm/msm/dsi-staging/dsi_display_test.o
  CC      drivers/media/rc/keymaps/rc-gadmei-rm008z.o
  CC      drivers/media/platform/msm/sde/rotator/sde_rotator_io_util.o
  AR      drivers/media/platform/msm/camera/cam_isp/isp_hw_mgr/hw_utils/irq_controller/built-in.o
  AR      drivers/media/platform/msm/camera/cam_isp/isp_hw_mgr/hw_utils/built-in.o
  CC      drivers/media/v4l2-core/v4l2-subdev.o
  CC      drivers/media/tuners/tua9001.o
  CC      drivers/media/rc/keymaps/rc-geekbox.o
  CC      drivers/media/platform/msm/camera/cam_isp/isp_hw_mgr/isp_hw/ife_csid_hw/cam_csid_ppi_dev.o
  CC      drivers/pci/msi.o
  CC      drivers/media/v4l2-core/v4l2-clk.o
  CC      drivers/gpu/drm/msm/sde/sde_hw_catalog.o
  CC      drivers/media/rc/keymaps/rc-genius-tvgo-a11mce.o
  CC      drivers/media/platform/msm/sde/rotator/sde_rotator_smmu.o
  CC      drivers/media/tuners/si2157.o
  CC      drivers/media/dvb-frontends/tda18271c2dd.o
  CC      drivers/media/platform/msm/camera/cam_isp/isp_hw_mgr/isp_hw/ife_csid_hw/cam_csid_ppi_core.o
  CC      drivers/media/rc/keymaps/rc-gotview7135.o
  CC      drivers/media/v4l2-core/v4l2-async.o
  CC      drivers/media/platform/msm/sde/rotator/sde_rotator_r1_wb.o
  CC      drivers/pci/syscall.o
  CC      drivers/media/rc/keymaps/rc-imon-mce.o
  CC      drivers/media/platform/msm/camera/cam_isp/isp_hw_mgr/isp_hw/ife_csid_hw/cam_csid_ppi170.o
  CC      drivers/media/dvb-frontends/stv0910.o
  CC      drivers/media/tuners/fc0011.o
  CC      drivers/media/rc/keymaps/rc-imon-pad.o
  CC      drivers/media/platform/msm/sde/rotator/sde_rotator_r1_pipe.o
  CC      drivers/gpu/drm/msm/sde/sde_hw_cdm.o
  CC      drivers/media/platform/msm/camera/cam_isp/isp_hw_mgr/isp_hw/ife_csid_hw/cam_ife_csid_dev.o
  CC      drivers/media/dvb-frontends/stv6111.o
  CC      drivers/media/v4l2-core/v4l2-compat-ioctl32.o
  CC      drivers/media/rc/keymaps/rc-iodata-bctv7e.o
  CC      drivers/pci/of.o
  CC      drivers/media/tuners/fc0012.o
  CC      drivers/media/dvb-frontends/mxl5xx.o
In file included from ../drivers/media/tuners/fc0012.c:17:
In file included from ../drivers/media/tuners/fc0012.h:20:
In file included from ../drivers/media/dvb-core/dvb_frontend.h:36:
In file included from ../include/linux/sched.h:15:
In file included from ../include/linux/sem.h:9:
In file included from ../include/uapi/linux/sem.h:5:
In file included from ../include/linux/ipc.h:7In file included from :
<built-in>In file included from :../include/linux/rhashtable.h1::
26./../include/linux/kconfig.h:
:In file included from 5../include/linux/workqueue.h::109::
 In file included from fatal error: ../include/linux/timer.h'generated/autoconf.h' file not found:
6:
In file included from ../include/linux/ktime.h:25:
../include/linux/jiffies.h:12:10:     5fatal error:  | 'generated/timeconst.h' file not found#
include    <12g | e#nienrcaltuedde/ a<ugteonceornaft.ehd>/
t      i| m         ^~~~~~~~~~~~~~~~~~~~~~e
const.h>
      |          ^~~~~~~~~~~~~~~~~~~~~~~
/bin/sh: 1: scripts/basic/fixdep: not found
make[5]: *** [../scripts/Makefile.build:364：drivers/media/rc/keymaps/rc-iodata-bctv7e.o] 错误 127
make[5]: *** 正在删除文件“drivers/media/rc/keymaps/rc-iodata-bctv7e.o”
make[4]: *** [../scripts/Makefile.build:679：drivers/media/rc/keymaps] 错误 2
make[3]: *** [../scripts/Makefile.build:679：drivers/media/rc] 错误 2
make[3]: *** 正在等待未完成的任务....
In file included from ../drivers/media/v4l2-core/v4l2-compat-ioctl32.c:20:
In file included from ../include/media/v4l2-dev.h:20:
In file included from ../include/media/media-entity.h:27:
../include/uapi/linux/media.h:32:10: fatal error: 'linux/version.h' file not found
   32 | #include <linux/version.h>
      |          ^~~~~~~~~~~~~~~~~
  LD      drivers/media/platform/msm/camera/cam_jpeg/built-in.o
  CC      drivers/gpu/drm/msm/sde/sde_hw_dspp.o
/bin/sh: 1: scripts/basic/fixdep: not found
make[7]: *** [../scripts/Makefile.build:364：drivers/media/platform/msm/sde/rotator/sde_rotator_r1_pipe.o] 错误 127
make[7]: *** 正在删除文件“drivers/media/platform/msm/sde/rotator/sde_rotator_r1_pipe.o”
make[6]: *** [../scripts/Makefile.build:679：drivers/media/platform/msm/sde/rotator] 错误 2
make[5]: *** [../scripts/Makefile.build:679：drivers/media/platform/msm/sde] 错误 2
make[5]: *** 正在等待未完成的任务....
  CC      drivers/media/tuners/fc0013.o
In file included from <built-in>:1:
./../include/linux/kconfig.h:5:10: fatal error: 'generated/autoconf.h' file not found
    5 | #include <generated/autoconf.h>
      |          ^~~~~~~~~~~~~~~~~~~~~~
/bin/sh: 1: scripts/basic/fixdep: not found
make[10]: *** [../scripts/Makefile.build:364：drivers/media/platform/msm/camera/cam_isp/isp_hw_mgr/isp_hw/ife_csid_hw/cam_ife_csid_dev.o] 错误 127
make[10]: *** 正在删除文件“drivers/media/platform/msm/camera/cam_isp/isp_hw_mgr/isp_hw/ife_csid_hw/cam_ife_csid_dev.o”
make[9]: *** [../scripts/Makefile.build:679：drivers/media/platform/msm/camera/cam_isp/isp_hw_mgr/isp_hw/ife_csid_hw] 错误 2
make[8]: *** [../scripts/Makefile.build:679：drivers/media/platform/msm/camera/cam_isp/isp_hw_mgr/isp_hw] 错误 2
make[7]: *** [../scripts/Makefile.build:679：drivers/media/platform/msm/camera/cam_isp/isp_hw_mgr] 错误 2
make[6]: *** [../scripts/Makefile.build:679：drivers/media/platform/msm/camera/cam_isp] 错误 2
make[5]: *** [../scripts/Makefile.build:679：drivers/media/platform/msm/camera] 错误 2
make[4]: *** [../scripts/Makefile.build:679：drivers/media/platform/msm] 错误 2
make[3]: *** [../scripts/Makefile.build:679：drivers/media/platform] 错误 2
In file included from <built-in>:1:
./../include/linux/kconfig.h:5:10: fatal error: 'generated/autoconf.h' file not found
    5 | #include <generated/autoconf.h>
      |          ^~~~~~~~~~~~~~~~~~~~~~
  CC      drivers/gpu/drm/msm/sde/sde_hw_intf.o
1 error generated.
1 error generated.
make[4]: *** [../scripts/Makefile.build:364：drivers/media/v4l2-core/v4l2-compat-ioctl32.o] 错误 1
make[3]: *** [../scripts/Makefile.build:679：drivers/media/v4l2-core] 错误 2
In file included from <built-in>:1:
./../include/linux/kconfig.h:5:10: fatal error: 'generated/autoconf.h' file not found
    5 | #include <generated/autoconf.h>
      |          ^~~~~~~~~~~~~~~~~~~~~~
make[4]: *** [../scripts/Makefile.build:364：drivers/media/tuners/fc0012.o] 错误 1
make[4]: *** 正在等待未完成的任务....
/bin/sh: 1: scripts/basic/fixdep: not found
  LD      drivers/perf/built-in.o
make[5]: *** [../scripts/Makefile.build:364：drivers/gpu/drm/msm/sde/sde_hw_cdm.o] 错误 127
make[5]: *** 正在等待未完成的任务....
  CC      drivers/media/dvb-frontends/si2165.o
error: error opening 'drivers/pci/.of.o.d': No such file or directory
1 error generated.
In file included from <built-in>:1:
./../include/linux/kconfig.h:5:10: fatal error: 'generated/autoconf.h' file not found
    5 | #include <generated/autoconf.h>
      |          ^~~~~~~~~~~~~~~~~~~~~~
make[3]: *** [../scripts/Makefile.build:365：drivers/pci/of.o] 错误 1
make[2]: *** [../scripts/Makefile.build:679：drivers/pci] 错误 2
make[2]: *** 正在等待未完成的任务....
  LD      drivers/phy/broadcom/built-in.o
1 error generated.
  LD      drivers/phy/hisilicon/built-in.o
make[4]: *** [../scripts/Makefile.build:364：drivers/media/dvb-frontends/mxl5xx.o] 错误 1
make[4]: *** 正在等待未完成的任务....
/home/WutzuBert/toolchains/linux-x86/clang-r547379/bin/llvm-ar: error: drivers/phy/hisilicon/built-in.o: No such file or directory
make[4]: *** [../scripts/Makefile.build:539：drivers/phy/hisilicon/built-in.o] 错误 1
make[3]: *** [../scripts/Makefile.build:679：drivers/phy/hisilicon] 错误 2
make[3]: *** 正在等待未完成的任务....
  CC      drivers/pinctrl/core.o
  LD      drivers/phy/marvell/built-in.o
  CC      drivers/pinctrl/pinctrl-utils.o
1 error generated.
make[4]: *** [../scripts/Makefile.build:364：drivers/media/tuners/fc0013.o] 错误 1
make[3]: *** [../scripts/Makefile.build:679：drivers/media/tuners] 错误 2
In file included from <built-in>:1:
./../include/linux/kconfig.h:5:10: fatal error: 'generated/autoconf.h' file not found
    5 | #include <generated/autoconf.h>
      |          ^~~~~~~~~~~~~~~~~~~~~~
  LD      drivers/phy/motorola/built-in.o
  LD      drivers/pinctrl/bcm/built-in.o
1 error generated.
In file included from <built-in>:1:
./../include/linux/kconfig.h:5:10: fatal error: 'generated/autoconf.h' file not found
    5 | #include <generated/autoconf.h>
      |          ^~~~~~~~~~~~~~~~~~~~~~
make[4]: *** [../scripts/Makefile.build:364：drivers/media/dvb-frontends/si2165.o] 错误 1
make[3]: *** [../scripts/Makefile.build:679：drivers/media/dvb-frontends] 错误 2
make[2]: *** [../scripts/Makefile.build:679：drivers/phy] 错误 2
make[2]: *** [../scripts/Makefile.build:679：drivers/media] 错误 2
  LD      drivers/pinctrl/freescale/built-in.o
  LD      drivers/pinctrl/mvebu/built-in.o
  LD      drivers/pinctrl/nomadik/built-in.o
  LD      drivers/pinctrl/ti/built-in.o
1 error generated.
  LD      drivers/pinctrl/sprd/built-in.o
make[5]: *** [../scripts/Makefile.build:364：drivers/gpu/drm/msm/sde/sde_hw_intf.o] 错误 1
1 error generated.
1 error generated.
make[3]: *** [../scripts/Makefile.build:365：drivers/pinctrl/pinctrl-utils.o] 错误 1
make[3]: *** 正在等待未完成的任务....
make[5]: *** [../scripts/Makefile.build:364：drivers/gpu/drm/msm/sde/sde_hw_dspp.o] 错误 1
make[4]: *** [../scripts/Makefile.build:679：drivers/gpu/drm/msm] 错误 2
make[3]: *** [../scripts/Makefile.build:679：drivers/gpu/drm] 错误 2
make[2]: *** [../scripts/Makefile.build:679：drivers/gpu] 错误 2
1 error generated.
make[3]: *** [../scripts/Makefile.build:365：drivers/pinctrl/core.o] 错误 1
make[2]: *** [../scripts/Makefile.build:679：drivers/pinctrl] 错误 2
make[1]: *** [/home/WutzuBert/android_kernel_xiaomi_nabu-17/Makefile:1237：drivers] 错误 2
make: *** [Makefile:155：sub-make] 错误 2
make: 离开目录“/home/WutzuBert/android_kernel_xiaomi_nabu-17”
BUILD_EXIT=2
